taxi_id;indulas;idotartam;tavolsag;viteldij;borravalo;fizetes_modja
5240;2016-12-15 23:45:00;900;2,5;10,75;2,45;bankkártya
1215;2016-12-12 07:15:00;240;0,4;5,0;3,0;bankkártya
3673;2016-12-16 16:30:00;2400;10,7;31,0;0,0;készpénz
5400;2016-12-16 08:45:00;300;0,0;5,25;2,0;bankkártya
1257;2016-12-03 18:45:00;360;0,3;5,0;0,0;készpénz
4666;2016-12-30 18:00:00;2400;18,2;46,75;10,15;bankkártya
5998;2016-12-16 07:15:00;1800;18,4;45,0;11,25;bankkártya
2538;2016-12-31 17:15:00;540;0,0;6,75;0,0;készpénz
6594;2016-12-17 12:00:00;153;0,47;4,5;1,0;bankkártya
7864;2016-12-03 19:45:00;780;2,4;10,5;2,0;bankkártya
400;2016-12-06 15:30:00;3120;10,9;31,75;7,93;bankkártya
6482;2016-12-09 09:30:00;660;1,32;7,75;2,0;bankkártya
5856;2016-12-29 18:45:00;300;0,0;5,25;0,0;készpénz
7211;2016-12-12 22:30:00;1320;14,1;36,0;0,0;készpénz
1094;2016-12-10 21:00:00;540;1,4;6,75;4,0;bankkártya
6591;2016-12-22 22:45:00;480;1,7;7,75;0,0;készpénz
6514;2016-12-30 11:00:00;480;1,5;7,5;0,0;készpénz
8267;2016-12-17 04:15:00;360;1,9;7,75;4,0;bankkártya
8002;2016-12-19 12:15:00;300;0,9;6,0;2,0;bankkártya
2718;2016-12-19 10:15:00;1920;5,6;18,75;0,0;készpénz
4261;2016-12-27 18:45:00;780;4,4;14,5;0,0;készpénz
3449;2016-12-02 17:15:00;60;0,0;3,25;0,0;készpénz
6710;2016-12-07 23:15:00;1200;1,0;43,0;11,75;bankkártya
2605;2016-12-09 19:00:00;480;0,3;4,75;0,0;készpénz
1098;2016-12-30 12:45:00;660;0,0;14,5;2,0;bankkártya
3514;2016-12-09 09:15:00;600;0,0;10,75;0,0;készpénz
5846;2016-12-19 22:30:00;360;0,8;6,0;2,0;bankkártya
4126;2016-12-01 22:15:00;720;2,9;11,0;2,2;bankkártya
1369;2016-12-20 15:15:00;2160;17,4;43,5;0,0;készpénz
3018;2016-12-14 21:00:00;240;1,1;5,75;1,0;bankkártya
6729;2016-12-19 19:15:00;1800;9,6;26,75;6,15;bankkártya
5687;2016-12-06 12:45:00;900;0,1;10,0;0,0;készpénz
7578;2016-12-30 22:15:00;660;2,4;9,75;0,0;készpénz
2643;2016-12-01 23:45:00;180;0,0;4,25;0,0;készpénz
4359;2016-12-13 19:00:00;780;0,0;7,5;0,0;készpénz
945;2016-12-09 20:00:00;840;2,2;10,25;2,0;bankkártya
5114;2016-12-13 18:15:00;5100;0,0;48,75;6,0;bankkártya
5930;2016-12-01 13:15:00;540;1,3;7,0;0,0;készpénz
5149;2016-12-26 18:30:00;1980;5,3;20,75;4,15;bankkártya
3465;2016-12-30 12:45:00;240;0,0;5,0;0,0;készpénz
5579;2016-12-16 23:00:00;360;0,86;6,0;0,0;készpénz
8397;2016-12-15 14:00:00;335;0,0;5,0;0,0;készpénz
2643;2016-12-07 17:30:00;3540;0,0;42,75;6,0;bankkártya
4586;2016-12-31 03:30:00;300;1,2;6,5;0,0;készpénz
6852;2016-12-27 05:30:00;360;1,8;7,75;0,0;készpénz
4219;2016-12-15 12:30:00;244;0,61;5,0;2,0;bankkártya
4849;2016-12-07 12:00:00;60;0,0;3,25;0,0;készpénz
4069;2016-12-04 02:15:00;1680;7,2;3,25;0,0;készpénz
4705;2016-12-08 10:45:00;660;1,3;8,0;2,0;bankkártya
2685;2016-12-02 17:15:00;1140;2,0;11,0;0,0;készpénz
6361;2016-12-10 14:15:00;360;0,8;6,0;0,0;készpénz
6940;2016-12-04 11:30:00;300;0,8;5,5;0,0;készpénz
5571;2016-12-14 08:15:00;960;2,1;10,25;0,0;készpénz
7303;2016-12-08 18:00:00;900;1,1;9,75;2,0;bankkártya
5149;2016-12-10 19:30:00;1080;7,4;21,0;10,0;bankkártya
747;2016-12-03 16:30:00;1200;1,4;10,75;0,0;készpénz
772;2016-12-17 18:30:00;458;1,61;7,25;4,0;bankkártya
3165;2016-12-01 13:15:00;360;1,8;7,75;3,0;bankkártya
945;2016-12-20 20:15:00;1560;15,4;39,25;7,85;bankkártya
6043;2016-12-14 19:00:00;1680;2,0;14,0;0,0;készpénz
733;2016-12-06 15:15:00;300;0,5;5,5;2,0;bankkártya
7744;2016-12-14 08:15:00;540;1,8;8,25;2,0;bankkártya
316;2016-12-02 21:45:00;840;0,7;8,25;0,0;készpénz
8350;2016-12-01 05:45:00;360;1,3;6,75;0,0;készpénz
4342;2016-12-22 17:15:00;420;0,7;5,75;0,0;készpénz
7891;2016-12-18 21:15:00;660;3,5;12,25;2,55;bankkártya
2819;2016-12-26 22:15:00;240;0,0;5,5;0,0;készpénz
5138;2016-12-10 23:15:00;840;3,4;12,0;2,0;bankkártya
7323;2016-12-17 02:30:00;0;0,0;3,25;0,0;készpénz
1944;2016-12-20 11:30:00;360;1,1;6,5;0,0;készpénz
5349;2016-12-26 03:00:00;960;5,5;17,0;0,0;készpénz
7063;2016-12-11 00:15:00;360;1,0;6,5;2,0;bankkártya
4458;2016-12-03 13:00:00;240;1,0;5,75;0,0;készpénz
2556;2016-12-10 15:30:00;480;1,9;8,75;0,0;készpénz
6669;2016-12-08 20:45:00;720;3,9;13,0;2,8;bankkártya
1750;2016-12-14 20:00:00;1140;9,27;25,25;0,0;készpénz
6023;2016-12-07 22:00:00;300;1,0;6,0;2,0;bankkártya
102;2016-12-10 18:30:00;406;0,9;6,0;0,0;készpénz
1587;2016-12-17 21:00:00;2220;0,0;44,5;5,0;bankkártya
5140;2016-12-17 19:45:00;1320;3,3;14,0;0,0;készpénz
2374;2016-12-07 16:30:00;420;0,6;6,0;0,0;készpénz
7061;2016-12-12 13:45:00;780;1,9;9,5;0,0;készpénz
3478;2016-12-07 18:30:00;360;1,42;6,75;0,0;készpénz
6559;2016-12-14 18:30:00;900;2,9;12,0;0,0;készpénz
4330;2016-12-03 11:30:00;960;3,3;12,5;2,45;bankkártya
117;2016-12-23 21:00:00;420;0,8;6,25;0,0;készpénz
6196;2016-12-02 18:30:00;960;1,0;9,25;0,0;készpénz
3143;2016-12-12 21:30:00;1140;0,3;18,25;3,0;bankkártya
5022;2016-12-07 19:00:00;180;0,6;4,75;2,0;bankkártya
4205;2016-12-31 13:30:00;600;1,07;7,75;3,0;bankkártya
4638;2016-12-21 23:00:00;600;0,0;8,75;3,0;bankkártya
7006;2016-12-26 14:00:00;300;1,0;6,0;0,0;készpénz
2697;2016-12-30 20:30:00;540;1,8;8,0;0,0;készpénz
7244;2016-12-01 15:15:00;2640;17,9;45,0;5,0;bankkártya
6232;2016-12-09 11:00:00;480;1,0;6,25;0,0;készpénz
1094;2016-12-29 21:00:00;600;1,9;8,5;1,5;bankkártya
5548;2016-12-12 15:15:00;240;0,8;5,25;0,0;készpénz
5062;2016-12-10 08:30:00;600;2,0;9,0;0,0;készpénz
2037;2016-12-20 13:00:00;180;0,6;4,75;2,0;bankkártya
76;2016-12-10 23:30:00;420;1,3;6,75;2,0;bankkártya
5659;2016-12-04 02:00:00;120;0,0;4,75;0,0;készpénz
4531;2016-12-01 21:15:00;540;0,0;7,25;0,0;készpénz
6043;2016-12-03 02:15:00;840;4,1;13,5;0,0;készpénz
5757;2016-12-10 18:45:00;360;0,7;5,75;0,0;készpénz
4097;2016-12-09 20:45:00;300;2,9;9,75;0,0;készpénz
6197;2016-12-13 11:00:00;300;2,5;9,0;0,0;készpénz
1262;2016-12-15 10:00:00;240;0,0;5,0;0,0;készpénz
293;2016-12-29 13:15:00;611;1,67;8,75;3,0;bankkártya
53;2016-12-18 01:15:00;300;0,0;5,5;0,0;készpénz
3338;2016-12-31 21:45:00;2400;26,7;64,0;0,0;készpénz
2341;2016-12-08 00:30:00;1200;7,0;21,0;0,0;készpénz
6923;2016-12-20 17:00:00;240;0,0;4,25;0,0;készpénz
8315;2016-12-20 18:45:00;780;1,0;8,0;2,0;bankkártya
8350;2016-12-26 07:45:00;420;1,6;7,5;2,0;bankkártya
2163;2016-12-14 07:30:00;660;3,4;11,5;0,0;készpénz
4846;2016-12-01 18:15:00;3480;20,6;55,75;11,95;bankkártya
4715;2016-12-30 22:15:00;540;4,3;13,5;0,0;készpénz
7723;2016-12-05 15:00:00;0;0,0;3,25;0,0;bankkártya
4494;2016-12-27 21:00:00;300;0,9;5,5;0,0;készpénz
8170;2016-12-13 21:00:00;480;2,6;9,75;0,25;bankkártya
2179;2016-12-11 11:00:00;360;1,1;6,5;0,0;készpénz
3207;2016-12-08 19:30:00;1620;14,3;36,5;8,0;bankkártya
7468;2016-12-26 16:45:00;1080;0,4;21,0;3,0;bankkártya
7937;2016-12-28 14:00:00;480;1,2;7,5;3,0;bankkártya
3235;2016-12-27 13:45:00;300;0,8;6,0;0,0;készpénz
4586;2016-12-15 11:00:00;1380;17,6;43,25;13,75;bankkártya
3504;2016-12-16 15:00:00;540;1,4;7,5;2,0;bankkártya
3717;2016-12-29 17:00:00;702;1,51;9,25;2,0;bankkártya
7097;2016-12-14 11:15:00;1020;4,7;16,0;2,0;bankkártya
3645;2016-12-01 10:30:00;1080;1,8;10,75;0,0;készpénz
8271;2016-12-03 15:15:00;240;0,5;5,0;0,0;készpénz
8661;2016-12-02 18:15:00;0;0,0;3,25;0,0;készpénz
2503;2016-12-16 17:45:00;780;1,0;8,25;0,0;bankkártya
5704;2016-12-13 12:15:00;180;0,5;4,75;2,0;bankkártya
8396;2016-12-02 14:15:00;2100;10,2;30,0;0,0;készpénz
1901;2016-12-09 15:15:00;840;0,0;9,5;0,0;készpénz
3469;2016-12-09 17:45:00;1500;2,2;13,0;0,0;készpénz
4710;2016-12-21 11:45:00;300;0,5;5,0;0,0;készpénz
3723;2016-12-12 08:45:00;540;1,4;8,0;0,0;készpénz
1390;2016-12-07 17:15:00;2460;12,8;33,5;7,0;bankkártya
6054;2016-12-13 18:30:00;1800;3,1;16,0;0,0;készpénz
8565;2016-12-30 17:30:00;240;0,7;5,25;0,0;készpénz
920;2016-12-02 17:30:00;1500;1,6;12,5;0,0;készpénz
1098;2016-12-04 15:45:00;600;0,0;9,5;0,0;készpénz
1746;2016-12-09 19:15:00;360;0,9;5,75;2,0;bankkártya
3237;2016-12-12 13:15:00;240;0,7;5,5;0,0;készpénz
4593;2016-12-15 20:45:00;0;0,1;3,25;0,0;készpénz
4870;2016-12-13 20:15:00;120;0,0;3,75;0,0;készpénz
2329;2016-12-18 11:45:00;600;0,1;8,75;0,0;készpénz
4017;2016-12-16 23:30:00;0;0,0;6,75;1,5;bankkártya
3573;2016-12-18 15:15:00;180;0,7;5,0;0,0;készpénz
1620;2016-12-05 07:30:00;660;2,0;9,25;2,0;bankkártya
4017;2016-12-19 19:00:00;0;0,0;4,75;2,0;bankkártya
2186;2016-12-15 21:15:00;480;1,6;7,5;0,0;készpénz
340;2016-12-08 10:30:00;2340;17,1;42,5;5,0;bankkártya
5548;2016-12-16 09:00:00;540;2,0;9,0;0,0;készpénz
6727;2016-12-19 08:30:00;420;0,9;6,25;2,0;bankkártya
1944;2016-12-20 19:15:00;420;1,1;6,5;0,0;készpénz
5619;2016-12-13 17:45:00;420;0,9;6,0;0,0;készpénz
5178;2016-12-01 22:15:00;180;0,9;5,25;0,0;készpénz
4401;2016-12-22 09:15:00;1020;6,2;18,5;5,0;bankkártya
4813;2016-12-02 18:15:00;540;1,1;7,25;1,0;bankkártya
6117;2016-12-06 05:15:00;1;0,02;3,25;0,0;készpénz
6923;2016-12-02 19:45:00;900;0,1;9,25;0,0;készpénz
7368;2016-12-24 13:15:00;240;0,9;5,25;0,0;készpénz
4443;2016-12-13 14:45:00;420;0,8;6,25;0,0;készpénz
3595;2016-12-03 13:30:00;360;0,9;5,75;0,0;készpénz
65;2016-12-24 16:30:00;1260;3,6;13,5;0,0;készpénz
2435;2016-12-02 21:15:00;180;0,4;4,5;0,0;készpénz
6101;2016-12-18 01:15:00;480;0,9;6,75;2,0;bankkártya
1611;2016-12-21 12:00:00;480;0,9;6,5;1,5;bankkártya
4456;2016-12-02 08:45:00;780;4,1;12,5;2,0;bankkártya
109;2016-12-14 19:00:00;540;0,8;6,5;0,0;készpénz
7766;2016-12-02 13:45:00;360;4,1;13,0;0,0;készpénz
3895;2016-12-04 15:30:00;4080;13,7;41,0;0,0;készpénz
6025;2016-12-02 18:30:00;180;0,4;4,5;0,0;készpénz
8479;2016-12-01 20:45:00;578;1,75;8,25;3,0;bankkártya
6159;2016-12-08 07:30:00;660;1,1;7,75;1,0;bankkártya
901;2016-12-14 22:00:00;540;1,8;8,25;2,0;bankkártya
7810;2016-12-17 13:15:00;60;0,0;0,01;0,0;készpénz
1447;2016-12-19 18:00:00;1440;7,0;22,25;0,0;készpénz
3776;2016-12-09 15:00:00;660;1,8;8,75;2,0;bankkártya
7195;2016-12-29 16:30:00;0;1,3;10,0;2,0;bankkártya
4770;2016-12-13 17:45:00;600;0,0;11,25;0,0;készpénz
5475;2016-12-20 18:00:00;300;0,0;5,5;0,0;készpénz
866;2016-12-09 23:30:00;360;1,1;6,75;0,0;készpénz
6798;2016-12-23 14:00:00;360;1,0;6,25;0,0;készpénz
2843;2016-12-09 09:15:00;1920;1,0;44,25;8,85;bankkártya
3173;2016-12-06 23:00:00;300;1,02;6,0;0,0;készpénz
5990;2016-12-08 21:15:00;540;1,8;8,25;1,0;bankkártya
2121;2016-12-22 14:15:00;420;0,0;6,25;2,0;bankkártya
3588;2016-12-02 20:00:00;0;0,0;3,25;0,0;készpénz
8656;2016-12-15 14:00:00;600;1,3;8,0;0,0;készpénz
1362;2016-12-28 15:45:00;540;3,6;12,5;0,0;készpénz
723;2016-12-10 18:15:00;2280;5,2;19,5;0,0;készpénz
7042;2016-12-04 17:30:00;900;2,5;11,0;2,0;bankkártya
5058;2016-12-03 20:45:00;180;0,8;5,25;0,0;készpénz
6523;2016-12-03 22:45:00;420;2,0;8,0;0,0;készpénz
2066;2016-12-15 20:30:00;240;0,0;6,0;1,0;bankkártya
5263;2016-12-29 11:00:00;0;0,0;3,25;0,0;készpénz
8044;2016-12-12 17:30:00;540;0,9;6,75;1,5;bankkártya
1886;2016-12-20 11:30:00;960;1,7;10,25;0,0;készpénz
2747;2016-12-23 20:15:00;180;0,3;4,25;5,0;bankkártya
4320;2016-12-07 11:30:00;240;0,8;5,5;1,0;bankkártya
6950;2016-12-15 19:30:00;720;0,4;7,5;3,0;bankkártya
8718;2016-12-07 15:45:00;420;0,9;6,25;0,0;készpénz
3062;2016-12-08 09:00:00;120;0,4;4,25;0,0;készpénz
8185;2016-12-16 09:30:00;900;1,7;9,75;1,0;bankkártya
8483;2016-12-31 16:15:00;3000;17,0;45,5;10,0;bankkártya
7197;2016-12-19 14:15:00;300;0,8;5,5;0,0;bankkártya
1412;2016-12-21 15:15:00;420;2,3;8,75;0,0;készpénz
7006;2016-12-03 18:15:00;1440;3,0;14,75;0,0;készpénz
4352;2016-12-05 15:30:00;900;0,5;22,25;7,85;bankkártya
1168;2016-12-27 12:15:00;420;1,5;7,25;0,0;készpénz
5867;2016-12-27 12:15:00;840;0,1;11,5;2,3;bankkártya
4446;2016-12-08 17:45:00;1260;3,1;13,5;2,0;bankkártya
3209;2016-12-09 16:00:00;420;1,0;6,5;0,0;készpénz
6213;2016-12-02 09:30:00;660;1,0;7,5;0,0;készpénz
7689;2016-12-13 14:45:00;420;0,6;5,75;2,0;bankkártya
7690;2016-12-22 15:15:00;960;1,2;9,25;0,0;készpénz
3217;2016-12-02 17:45:00;660;1,8;8,75;3,0;bankkártya
7489;2016-12-21 21:45:00;420;1,5;7,5;0,0;készpénz
4496;2016-12-04 00:00:00;480;1,3;6,75;1,0;bankkártya
4114;2016-12-15 21:15:00;1533;17,5;43,5;4,0;bankkártya
4938;2016-12-06 19:30:00;1260;0,2;13,75;0,0;készpénz
7540;2016-12-19 11:15:00;1440;9,3;25,75;0,0;készpénz
797;2016-12-30 09:45:00;420;1,8;7,5;0,0;készpénz
2940;2016-12-18 10:00:00;480;3,6;11,5;2,85;bankkártya
4866;2016-12-03 10:45:00;660;1,7;8,5;0,0;készpénz
6301;2016-12-19 06:45:00;2520;29,9;71,5;0,0;készpénz
1159;2016-12-01 00:15:00;180;0,4;4,25;2,0;bankkártya
3209;2016-12-18 04:45:00;960;5,3;16,0;3,0;bankkártya
6749;2016-12-14 16:15:00;360;0,0;6,0;0,0;készpénz
2863;2016-12-26 02:45:00;0;0,0;3,25;1,0;bankkártya
8054;2016-12-29 08:15:00;240;0,6;5,0;0,0;készpénz
2127;2016-12-05 13:30:00;540;2,2;9,0;0,0;készpénz
5114;2016-12-20 19:30:00;2040;0,0;32,25;8,05;bankkártya
6956;2016-12-21 14:30:00;360;0,7;5,5;0,0;készpénz
1347;2016-12-15 05:00:00;60;0,0;3,25;0,0;készpénz
229;2016-12-22 18:00:00;660;1,7;8,5;2,0;bankkártya
4174;2016-12-06 07:00:00;360;1,9;8,0;2,0;bankkártya
4999;2016-12-10 03:30:00;360;1,0;6,0;0,0;készpénz
6614;2016-12-03 21:45:00;480;1,4;7,0;2,0;bankkártya
2901;2016-12-06 20:45:00;1200;0,0;27,5;8,25;bankkártya
5564;2016-12-01 08:15:00;480;1,42;7,25;0,0;készpénz
4362;2016-12-17 17:45:00;1320;5,4;17,5;3,8;bankkártya
6113;2016-12-19 14:15:00;900;1,8;9,75;0,0;készpénz
3924;2016-12-12 16:45:00;420;1,6;7,75;2,0;bankkártya
4107;2016-12-13 16:00:00;180;0,0;5,0;0,0;készpénz
1483;2016-12-02 17:00:00;1140;6,4;19,5;7,05;bankkártya
2601;2016-12-03 12:15:00;420;1,2;9,0;0,0;készpénz
8583;2016-12-09 13:15:00;660;1,5;8,25;0,0;készpénz
118;2016-12-16 18:15:00;1380;1,5;11,5;0,0;készpénz
2486;2016-12-08 20:00:00;540;1,5;7,5;0,0;készpénz
6513;2016-12-04 02:45:00;360;0,1;7,5;1,0;bankkártya
8232;2016-12-23 00:30:00;540;0,0;12,25;0,0;készpénz
8596;2016-12-18 11:15:00;360;1,0;6,5;0,0;készpénz
3546;2016-12-21 16:00:00;360;0,9;6,0;1,0;bankkártya
5475;2016-12-07 10:45:00;240;0,0;5,25;0,0;készpénz
1460;2016-12-22 11:45:00;1740;0,1;15,75;0,0;készpénz
6820;2016-12-14 13:45:00;960;2,0;10,25;0,0;készpénz
7018;2016-12-14 16:15:00;540;1,0;6,5;2,0;bankkártya
6902;2016-12-20 02:45:00;300;0,0;6,25;2,0;bankkártya
5117;2016-12-05 00:30:00;1380;0,5;23,0;5,0;bankkártya
50;2016-12-09 16:15:00;300;0,0;5,5;3,0;bankkártya
5029;2016-12-08 19:00:00;660;0,0;7,0;0,0;készpénz
5406;2016-12-23 09:30:00;360;0,0;6,0;0,0;készpénz
4119;2016-12-31 19:45:00;1440;0,0;18,0;0,0;készpénz
3617;2016-12-05 18:15:00;2640;10,7;32,5;7,3;bankkártya
2236;2016-12-09 17:30:00;480;0,5;5,75;0,0;készpénz
3387;2016-12-04 01:15:00;660;3,9;12,5;3,0;bankkártya
1210;2016-12-04 17:45:00;780;3,3;11,75;0,0;készpénz
6717;2016-12-03 04:00:00;120;0,4;4,25;2,0;bankkártya
1270;2016-12-15 20:00:00;420;0,9;6,0;2,0;bankkártya
827;2016-12-10 17:30:00;900;0,9;8,0;0,0;készpénz
2147;2016-12-24 01:15:00;300;1,1;6,0;4,0;bankkártya
298;2016-12-12 12:15:00;1860;14,9;39,0;0,0;készpénz
2642;2016-12-10 23:00:00;1980;12,2;34,25;0,0;készpénz
7861;2016-12-22 17:30:00;780;2,0;9,75;2,0;bankkártya
2102;2016-12-16 14:45:00;660;2,5;10,0;0,0;készpénz
1438;2016-12-12 18:15:00;900;1,3;9,0;0,0;készpénz
2022;2016-12-20 00:45:00;0;0,0;3,25;0,0;készpénz
3997;2016-12-10 22:45:00;300;0,7;5,5;3,0;bankkártya
4089;2016-12-11 13:45:00;360;0,9;6,0;0,0;készpénz
6237;2016-12-18 19:00:00;1920;17,5;43,75;5,0;bankkártya
1426;2016-12-27 19:30:00;480;0,9;6,5;0,0;készpénz
2330;2016-12-31 03:15:00;420;0,1;10,25;0,0;készpénz
5254;2016-12-20 23:15:00;960;4,8;14,5;2,9;bankkártya
4495;2016-12-02 22:30:00;600;3,8;12,5;2,7;bankkártya
3923;2016-12-28 18:45:00;420;1,1;6,75;2,0;bankkártya
8232;2016-12-22 13:00:00;840;0,0;14,25;0,0;készpénz
2828;2016-12-09 23:15:00;180;0,4;4,5;0,0;készpénz
6650;2016-12-08 17:45:00;960;1,3;9,25;3,0;bankkártya
7802;2016-12-22 14:00:00;1740;6,2;21,5;0,0;készpénz
8647;2016-12-28 18:30:00;180;0,6;5,0;1,0;bankkártya
8679;2016-12-21 17:00:00;420;1,1;6,5;0,0;készpénz
7307;2016-12-03 21:00:00;180;0,53;4,5;0,0;készpénz
3931;2016-12-14 08:30:00;180;0,6;4,5;0,0;készpénz
3684;2016-12-07 22:45:00;180;0,0;5,0;0,0;készpénz
5071;2016-12-01 21:30:00;420;1,3;7,25;3,0;bankkártya
1618;2016-12-09 12:15:00;1680;17,7;43,25;7,0;bankkártya
2468;2016-12-07 07:00:00;1560;18,0;45,25;11,3;bankkártya
3278;2016-12-13 13:45:00;660;4,2;13,25;0,0;készpénz
1180;2016-12-07 09:00:00;600;1,8;8,25;0,0;készpénz
2435;2016-12-17 02:00:00;600;2,6;10,0;2,2;bankkártya
5226;2016-12-10 04:45:00;180;0,6;5,0;4,0;bankkártya
4044;2016-12-02 13:45:00;960;0,0;11,0;0,0;készpénz
8648;2016-12-16 14:45:00;2160;0,0;27,75;4,0;bankkártya
3178;2016-12-14 21:15:00;540;3,0;11,0;0,0;készpénz
688;2016-12-13 13:45:00;840;3,0;11,5;0,0;készpénz
1750;2016-12-08 13:15:00;60;0,0;3,25;0,0;készpénz
6744;2016-12-16 13:00:00;420;0,0;6,25;2,0;bankkártya
4999;2016-12-11 01:15:00;540;1,5;7,75;0,0;bankkártya
5971;2016-12-01 15:30:00;2460;12,8;33,5;4,0;bankkártya
6863;2016-12-28 21:00:00;720;1,9;9,5;0,0;készpénz
5636;2016-12-16 00:30:00;660;0,0;8,0;1,0;bankkártya
4924;2016-12-31 11:00:00;180;0,7;5,0;0,0;készpénz
7643;2016-12-30 17:00:00;240;0,0;5,0;0,0;készpénz
3410;2016-12-01 11:30:00;0;0,0;4,2;0,0;bankkártya
3004;2016-12-15 13:15:00;300;0,5;5,25;0,0;készpénz
5640;2016-12-02 02:00:00;240;1,0;5,75;3,0;készpénz
748;2016-12-09 19:45:00;1620;4,52;17,75;0,0;készpénz
1010;2016-12-01 02:30:00;180;0,4;5,0;0,0;készpénz
7365;2016-12-23 23:00:00;240;0,8;5,5;3,0;bankkártya
6134;2016-12-16 20:00:00;420;0,8;6,0;1,0;bankkártya
4770;2016-12-03 19:15:00;900;0,0;14,25;0,0;készpénz
2059;2016-12-09 10:45:00;660;1,3;8,25;1,5;bankkártya
1513;2016-12-02 10:15:00;1020;4,3;14,75;0,0;készpénz
4635;2016-12-19 15:45:00;600;1,8;8,25;0,0;készpénz
2870;2016-12-02 19:30:00;480;1,1;7,0;2,0;bankkártya
6899;2016-12-06 19:00:00;1063;10,6;28,75;4,0;bankkártya
3254;2016-12-14 11:45:00;240;0,6;5,0;0,0;készpénz
8040;2016-12-13 17:45:00;1140;1,3;10,5;1,0;bankkártya
7531;2016-12-05 18:45:00;300;0,7;5,75;0,0;készpénz
8648;2016-12-13 11:15:00;1020;0,0;11,0;1,0;bankkártya
3237;2016-12-31 00:15:00;540;2,0;8,5;0,0;készpénz
4326;2016-12-07 07:15:00;540;2,0;8,5;0,0;készpénz
6620;2016-12-01 18:45:00;300;0,8;5,5;2,0;bankkártya
548;2016-12-16 09:30:00;360;0,0;6,0;0,0;készpénz
3915;2016-12-20 19:30:00;540;1,4;7,5;0,0;készpénz
847;2016-12-14 08:15:00;660;0,8;7,25;0,0;készpénz
6950;2016-12-19 09:00:00;420;1,3;7,25;0,0;készpénz
3233;2016-12-12 12:00:00;720;4,1;13,5;2,9;bankkártya
2559;2016-12-29 22:30:00;540;1,7;8,0;0,0;készpénz
2845;2016-12-20 18:15:00;720;0,41;7,0;0,0;készpénz
4611;2016-12-02 19:00:00;600;0,0;7,5;0,0;készpénz
2596;2016-12-29 19:45:00;360;0,7;5,75;3,0;bankkártya
3400;2016-12-12 15:00:00;180;0,7;5,0;1,0;bankkártya
610;2016-12-15 22:00:00;1387;13,72;35,0;5,0;bankkártya
700;2016-12-13 13:15:00;480;0,6;6,25;2,0;bankkártya
8546;2016-12-13 18:00:00;540;0,0;6,25;0,0;készpénz
7676;2016-12-13 14:15:00;840;2,6;11,0;0,0;készpénz
1164;2016-12-03 14:45:00;2340;1,1;46,75;5,0;bankkártya
5795;2016-12-04 16:00:00;360;0,8;6,0;0,0;készpénz
5044;2016-12-10 12:45:00;1020;13,2;33,0;5,0;bankkártya
7968;2016-12-04 00:45:00;240;1,0;6,0;0,0;készpénz
5896;2016-12-09 08:45:00;900;3,7;12,75;2,0;bankkártya
760;2016-12-09 14:30:00;720;0,0;19,0;0,0;készpénz
4653;2016-12-19 16:15:00;600;0,0;7,5;2,0;bankkártya
513;2016-12-16 18:15:00;720;1,9;9,25;0,0;készpénz
8661;2016-12-14 18:30:00;60;0,0;3,25;0,0;készpénz
4026;2016-12-06 05:15:00;1320;17,8;44,0;8,8;bankkártya
3662;2016-12-19 16:45:00;660;2,09;9,25;0,0;készpénz
7006;2016-12-06 21:45:00;780;3,4;12,25;2,0;bankkártya
1213;2016-12-02 18:00:00;240;1,3;6,5;0,0;vitatott
7895;2016-12-07 15:00:00;2100;1,0;45,0;13,5;bankkártya
3544;2016-12-22 10:45:00;420;1,2;6,75;0,0;készpénz
7005;2016-12-13 17:30:00;420;0,9;6,0;2,0;bankkártya
710;2016-12-01 21:45:00;360;0,0;6,25;0,0;készpénz
4296;2016-12-05 06:30:00;3480;18,1;46,75;0,0;bankkártya
4247;2016-12-30 20:15:00;720;3,4;12,0;0,0;készpénz
349;2016-12-16 18:00:00;1020;1,3;9,75;0,0;készpénz
1644;2016-12-13 17:30:00;1020;1,9;10,5;0,0;készpénz
8566;2016-12-12 15:30:00;3780;32,4;78,0;15,0;bankkártya
797;2016-12-15 18:30:00;720;2,5;10,0;2,0;bankkártya
3671;2016-12-02 22:45:00;840;3,6;12,5;0,0;készpénz
8016;2016-12-23 17:15:00;240;0,0;4,75;0,0;készpénz
3014;2016-12-17 16:45:00;420;0,0;5,75;4,0;bankkártya
1901;2016-12-05 09:00:00;240;0,0;4,75;0,0;készpénz
6366;2016-12-18 13:45:00;420;0,7;6,0;0,0;készpénz
2595;2016-12-27 17:00:00;420;1,2;6,75;2,0;bankkártya
7689;2016-12-14 18:00:00;1200;0,7;9,75;0,0;készpénz
7745;2016-12-01 09:15:00;1320;3,1;13,25;2,85;bankkártya
2533;2016-12-27 18:45:00;660;1,5;8,25;0,0;készpénz
6675;2016-12-17 23:30:00;480;0,9;6,25;1,0;bankkártya
8588;2016-12-15 19:15:00;1440;0,4;21,5;0,0;készpénz
7627;2016-12-07 21:15:00;240;0,4;4,75;3,0;bankkártya
731;2016-12-28 17:15:00;2640;11,3;38,5;0,0;készpénz
4488;2016-12-16 15:15:00;420;0,5;5,75;0,0;készpénz
3238;2016-12-16 18:00:00;1140;0,0;9,75;0,0;készpénz
857;2016-12-13 20:15:00;294;0,88;5,75;0,0;készpénz
2912;2016-12-13 17:15:00;960;1,3;9,25;0,0;készpénz
1302;2016-12-02 19:15:00;780;2,0;9,75;2,0;bankkártya
3862;2016-12-13 19:00:00;420;0,0;6,25;0,0;készpénz
8022;2016-12-22 17:45:00;780;0,0;9,5;0,0;készpénz
7667;2016-12-06 19:00:00;2760;14,7;37,75;8,55;bankkártya
1074;2016-12-29 00:00:00;540;6,4;18,0;0,0;készpénz
4748;2016-12-30 22:45:00;300;0,6;5,25;0,0;készpénz
4900;2016-12-13 20:30:00;420;1,1;6,75;1,0;bankkártya
6086;2016-12-23 13:30:00;1080;0,0;11,5;3,75;bankkártya
2640;2016-12-28 14:45:00;660;0,1;9,25;4,0;bankkártya
8348;2016-12-20 10:45:00;780;1,5;8,75;0,0;készpénz
6967;2016-12-05 17:30:00;180;0,4;4,5;0,0;készpénz
6956;2016-12-15 23:00:00;600;2,4;9,5;2,0;bankkártya
8734;2016-12-06 20:30:00;2640;0,9;38,5;8,5;bankkártya
3921;2016-12-20 18:15:00;720;0,85;7,5;0,0;készpénz
2221;2016-12-16 10:45:00;600;3,69;12,25;1,91;bankkártya
3181;2016-12-25 23:45:00;420;1,8;8,25;1,0;bankkártya
8718;2016-12-03 12:00:00;360;1,1;6,75;0,0;készpénz
5139;2016-12-06 20:30:00;660;2,2;9,5;0,0;készpénz
1129;2016-12-05 21:45:00;720;1,4;8,5;0,0;készpénz
8446;2016-12-22 01:00:00;720;0,1;11,25;2,8;bankkártya
549;2016-12-21 20:30:00;660;2,3;9,75;0,0;készpénz
554;2016-12-11 14:00:00;180;0,5;4,75;0,0;készpénz
7833;2016-12-14 18:30:00;1980;3,2;16,75;0,0;készpénz
5161;2016-12-23 19:15:00;1260;2,6;12,25;0,0;készpénz
1508;2016-12-28 23:15:00;2400;15,1;41,0;0,0;készpénz
8030;2016-12-31 15:00:00;780;2,1;10,0;0,0;készpénz
4296;2016-12-13 14:15:00;420;1,1;6,75;0,0;készpénz
4497;2016-12-07 06:30:00;234;0,68;5,25;4,0;bankkártya
4309;2016-12-07 21:00:00;900;2,6;11,0;0,0;bankkártya
1385;2016-12-17 15:30:00;1980;0,0;21,0;0,0;készpénz
1030;2016-12-05 09:30:00;180;0,0;4,75;2,0;bankkártya
4338;2016-12-12 21:15:00;716;5,13;15,75;3,25;bankkártya
1968;2016-12-11 23:30:00;960;11,9;30,0;0,0;készpénz
4000;2016-12-08 19:00:00;180;0,3;4,25;1,75;bankkártya
93;2016-12-23 17:00:00;780;1,8;9,5;3,0;bankkártya
6378;2016-12-06 10:30:00;960;0,3;18,75;0,0;készpénz
2978;2016-12-21 18:45:00;780;4,1;14,25;0,0;készpénz
2400;2016-12-13 21:00:00;240;0,5;4,75;0,0;készpénz
1829;2016-12-26 17:30:00;360;2,3;8,75;0,0;készpénz
6830;2016-12-16 19:00:00;60;0,0;3,25;0,0;készpénz
2421;2016-12-11 00:15:00;60;0,0;3,75;0,0;készpénz
5881;2016-12-22 16:30:00;540;0,9;7,75;2,0;bankkártya
1447;2016-12-17 18:15:00;540;1,4;7,5;0,0;készpénz
5348;2016-12-12 20:30:00;600;2,1;8,75;0,0;készpénz
3506;2016-12-12 12:15:00;240;0,5;4,75;0,0;készpénz
5739;2016-12-02 15:00:00;780;2,1;9,75;3,0;bankkártya
2723;2016-12-05 08:15:00;540;1,0;7,25;0,0;készpénz
5180;2016-12-01 20:15:00;1140;3,4;13,0;0,0;készpénz
1036;2016-12-01 15:15:00;660;2,4;9,75;0,0;készpénz
2877;2016-12-13 12:00:00;600;0,0;8,0;0,0;készpénz
3373;2016-12-23 23:45:00;540;1,8;8,0;0,0;készpénz
491;2016-12-15 00:30:00;360;1,7;7,5;0,0;készpénz
4880;2016-12-28 19:30:00;720;2,0;9,25;0,0;készpénz
2973;2016-12-31 15:30:00;1860;17,0;41,75;9,15;bankkártya
6317;2016-12-13 10:45:00;300;0,0;5,0;0,0;készpénz
5548;2016-12-19 13:45:00;240;0,7;5,25;0,0;készpénz
4123;2016-12-02 01:15:00;420;0,9;6,5;0,0;készpénz
8247;2016-12-15 10:45:00;360;1,1;6,25;2,5;bankkártya
642;2016-12-05 15:30:00;10;0,02;3,25;0,0;készpénz
4728;2016-12-15 14:45:00;600;1,5;8,25;2,0;bankkártya
2149;2016-12-30 19:15:00;2340;18,5;47,0;0,0;készpénz
3600;2016-12-30 00:30:00;900;4,5;14,75;0,0;készpénz
6185;2016-12-27 08:30:00;840;3,6;13,0;0,0;készpénz
92;2016-12-24 02:45:00;300;1,2;6,0;0,0;készpénz
3963;2016-12-14 22:30:00;840;2,8;11,25;0,0;készpénz
7776;2016-12-23 00:00:00;540;0,2;11,5;2,85;bankkártya
6481;2016-12-10 04:00:00;360;1,8;7,75;0,0;készpénz
1110;2016-12-27 18:00:00;360;0,0;5,5;0,0;készpénz
2952;2016-12-06 09:15:00;600;1,1;7,0;0,0;készpénz
6923;2016-12-23 11:30:00;420;0,0;7,5;2,0;bankkártya
6104;2016-12-13 18:45:00;720;1,9;9,25;0,0;készpénz
1736;2016-12-19 20:30:00;180;0,0;4,5;2,0;bankkártya
6833;2016-12-14 20:45:00;1380;13,1;33,25;7,55;bankkártya
8271;2016-12-14 19:30:00;960;5,0;16,0;3,4;bankkártya
4809;2016-12-13 08:30:00;180;0,4;4,5;0,0;készpénz
1326;2016-12-09 17:00:00;0;0,0;10,5;0,0;bankkártya
6147;2016-12-07 01:00:00;180;0,29;4,25;2,0;bankkártya
8120;2016-12-08 16:45:00;480;1,1;7,0;0,0;készpénz
6552;2016-12-08 13:00:00;1980;0,0;45,75;9,15;bankkártya
873;2016-12-09 19:45:00;600;1,8;8,75;2,0;bankkártya
1895;2016-12-28 18:45:00;660;1,6;8,5;0,0;készpénz
8061;2016-12-04 20:45:00;1380;6,2;19,0;3,8;bankkártya
286;2016-12-20 14:15:00;300;0,8;5,5;2,0;bankkártya
2607;2016-12-27 20:30:00;240;0,8;5,25;3,0;bankkártya
7596;2016-12-06 19:30:00;2520;0,0;50,25;12,45;bankkártya
2545;2016-12-20 15:15:00;240;0,9;5,5;1,1;bankkártya
973;2016-12-10 23:00:00;60;0,0;3,5;0,0;készpénz
250;2016-12-08 12:45:00;420;1,1;6,25;2,0;bankkártya
4092;2016-12-22 23:30:00;240;0,0;5,25;2,0;bankkártya
4570;2016-12-13 13:30:00;240;0,5;5,0;0,0;készpénz
5048;2016-12-22 15:15:00;360;4,1;12,5;2,0;bankkártya
4787;2016-12-06 19:45:00;960;2,4;11,0;1,0;bankkártya
6185;2016-12-10 11:00:00;0;0,0;3,25;0,0;bankkártya
703;2016-12-18 21:45:00;1140;17,1;41,0;5,0;bankkártya
8310;2016-12-16 00:00:00;300;0,1;8,5;2,0;bankkártya
1461;2016-12-08 18:30:00;2940;11,8;35,5;5,0;bankkártya
431;2016-12-09 18:00:00;1080;1,2;9,75;0,0;készpénz
6434;2016-12-14 18:30:00;900;1,8;10,5;3,0;bankkártya
3209;2016-12-18 05:30:00;660;0,0;10,0;0,0;készpénz
370;2016-12-24 14:30:00;0;0,0;3,25;2,0;bankkártya
8185;2016-12-15 17:00:00;660;1,6;8,25;2,0;bankkártya
7011;2016-12-03 16:30:00;1260;0,0;13,75;0,0;készpénz
6513;2016-12-31 01:00:00;240;0,0;5,25;4,0;bankkártya
5280;2016-12-16 19:15:00;1620;6,3;20,5;4,0;bankkártya
3772;2016-12-18 01:30:00;840;3,61;12,25;1,5;bankkártya
349;2016-12-16 00:15:00;420;1,4;7,25;0,0;készpénz
2820;2016-12-04 07:00:00;1560;15,3;38,25;0,0;készpénz
5881;2016-12-23 11:15:00;0;0,0;3,25;0,0;készpénz
7273;2016-12-16 19:45:00;4140;14,7;39,5;6,0;bankkártya
7912;2016-12-21 07:45:00;300;0,53;5,5;0,0;bankkártya
2863;2016-12-02 07:45:00;360;0,0;6,75;1,0;bankkártya
3654;2016-12-12 20:00:00;2520;18,4;45,5;9,9;bankkártya
672;2016-12-17 23:45:00;480;1,6;7,75;0,0;készpénz
2559;2016-12-16 18:15:00;9120;35,1;88,25;0,0;készpénz
456;2016-12-01 17:30:00;1200;1,7;11,25;1,25;bankkártya
3089;2016-12-19 02:30:00;240;0,0;6,25;2,0;bankkártya
3514;2016-12-26 19:45:00;420;0,0;7,25;0,0;készpénz
6219;2016-12-13 10:00:00;300;0,7;5,5;0,0;bankkártya
7484;2016-12-20 09:45:00;300;0,6;5,5;0,0;készpénz
8263;2016-12-21 16:45:00;600;1,0;7,5;3,0;bankkártya
621;2016-12-14 08:15:00;600;1,5;8,0;0,0;készpénz
8117;2016-12-17 22:30:00;600;0,0;7,0;0,0;készpénz
7210;2016-12-16 08:00:00;360;0,0;5,75;0,0;készpénz
8672;2016-12-02 06:30:00;420;1,4;7,25;0,0;készpénz
5494;2016-12-22 06:15:00;1320;12,5;32,75;0,0;készpénz
4591;2016-12-10 14:45:00;540;0,2;6,5;0,0;készpénz
8089;2016-12-01 13:30:00;1980;17,9;44,5;0,0;készpénz
3068;2016-12-27 17:45:00;540;0,5;6,75;0,0;készpénz
2872;2016-12-26 18:30:00;1860;12,8;33,25;7,65;bankkártya
7011;2016-12-25 09:15:00;420;1,6;7,75;0,0;készpénz
3861;2016-12-02 00:15:00;900;5,54;16,75;0,0;készpénz
5273;2016-12-07 21:00:00;1620;17,6;43,75;8,0;bankkártya
2845;2016-12-19 18:00:00;1200;2,38;12,25;3,19;bankkártya
8336;2016-12-19 14:15:00;600;1,3;7,5;0,0;készpénz
8016;2016-12-14 18:30:00;1140;0,0;13,75;2,95;bankkártya
7674;2016-12-13 22:30:00;480;2,2;9,0;3,0;bankkártya
1763;2016-12-03 19:15:00;420;1,1;6,75;0,0;készpénz
5676;2016-12-24 01:30:00;840;7,3;20,0;0,0;készpénz
5933;2016-12-11 18:45:00;300;0,9;5,75;3,0;bankkártya
5170;2016-12-04 11:15:00;420;1,4;7,0;2,0;bankkártya
5382;2016-12-08 08:30:00;4260;18,1;50,75;10,95;bankkártya
4438;2016-12-30 16:15:00;960;0,1;10,0;3,0;bankkártya
7810;2016-12-18 04:30:00;240;0,6;5,0;0,0;ingyenes
6054;2016-12-12 18:00:00;1020;3,7;13,75;0,0;készpénz
450;2016-12-11 08:15:00;420;1,1;6,5;0,0;készpénz
4411;2016-12-06 08:15:00;420;1,8;7,75;0,0;ingyenes
4643;2016-12-10 23:15:00;360;1,3;6,75;0,0;készpénz
7969;2016-12-29 13:30:00;660;1,7;8,25;2,0;bankkártya
8137;2016-12-08 00:30:00;0;0,0;5,25;1,75;bankkártya
3629;2016-12-25 17:30:00;1140;15,6;38,0;0,0;készpénz
4303;2016-12-21 23:15:00;420;1,7;7,75;0,0;készpénz
3514;2016-12-10 20:45:00;240;0,0;4,75;0,0;készpénz
6577;2016-12-02 08:00:00;480;1,2;7,25;2,0;bankkártya
4111;2016-12-07 18:00:00;1140;0,0;11,0;3,3;bankkártya
6743;2016-12-11 03:30:00;720;0,1;10,5;2,1;bankkártya
65;2016-12-10 16:30:00;840;2,0;9,25;0,0;készpénz
5357;2016-12-22 01:30:00;660;0,0;10,5;1,0;bankkártya
1904;2016-12-05 12:30:00;360;1,1;6,75;0,0;készpénz
8273;2016-12-15 09:15:00;720;0,8;7,75;0,0;készpénz
4891;2016-12-02 08:30:00;780;1,4;8,5;2,0;bankkártya
8727;2016-12-05 17:15:00;0;0,0;3,25;0,0;készpénz
1005;2016-12-21 14:45:00;0;0,0;21,5;0,0;bankkártya
8044;2016-12-20 20:30:00;420;1,1;6,5;0,0;készpénz
2152;2016-12-15 14:00:00;2820;18,0;45,0;0,0;készpénz
7063;2016-12-14 23:15:00;360;1,6;7,5;0,0;készpénz
8171;2016-12-16 22:00:00;240;0,7;5,0;0,0;készpénz
4958;2016-12-13 19:30:00;2280;17,2;43,0;9,4;bankkártya
5697;2016-12-14 20:00:00;300;0,4;5,0;2,0;bankkártya
1405;2016-12-07 12:00:00;660;1,0;8,0;0,0;készpénz
4919;2016-12-07 08:45:00;780;2,8;10,75;0,0;készpénz
1482;2016-12-16 19:45:00;1860;0,4;23,5;2,0;bankkártya
7540;2016-12-03 16:15:00;600;1,5;8,25;0,0;készpénz
4559;2016-12-13 09:45:00;480;0,7;6,0;0,0;készpénz
5327;2016-12-14 14:15:00;365;1,03;6,25;2,0;bankkártya
8067;2016-12-27 16:00:00;480;1,1;6,75;0,0;készpénz
8088;2016-12-31 22:30:00;1413;5,31;17,0;0,0;készpénz
5226;2016-12-20 10:00:00;180;0,5;4,75;0,0;készpénz
3351;2016-12-14 13:15:00;1560;13,1;34,25;7,65;bankkártya
4009;2016-12-24 21:00:00;120;0,2;4,0;0,0;készpénz
3017;2016-12-21 14:45:00;120;0,0;4,5;2,0;bankkártya
505;2016-12-26 22:15:00;600;0,0;9,25;2,0;bankkártya
7299;2016-12-07 14:30:00;2340;17,5;44,25;9,65;bankkártya
3298;2016-12-09 16:30:00;1585;2,73;14,25;0,0;készpénz
7299;2016-12-12 18:15:00;1140;5,3;17,25;5,15;bankkártya
6970;2016-12-17 09:15:00;540;2,5;9,5;2,0;bankkártya
3588;2016-12-08 13:30:00;300;0,0;5,75;2,0;bankkártya
4961;2016-12-02 23:00:00;420;1,6;7,75;1,5;bankkártya
2904;2016-12-23 09:00:00;300;1,5;7,0;0,0;készpénz
6699;2016-12-09 07:45:00;2940;12,0;37,0;0,0;készpénz
772;2016-12-06 19:45:00;21;0,0;3,25;0,0;bankkártya
8203;2016-12-06 14:45:00;240;0,5;4,75;0,0;készpénz
3024;2016-12-07 19:30:00;854;5,53;16,75;0,0;készpénz
8188;2016-12-07 19:00:00;480;0,9;6,5;2,0;bankkártya
2680;2016-12-22 08:30:00;840;2,2;10,0;2,0;bankkártya
5433;2016-12-09 10:30:00;300;0,8;5,5;0,0;készpénz
360;2016-12-17 21:00:00;1920;18,0;45,0;10,0;bankkártya
6369;2016-12-29 21:00:00;300;1,3;6,25;1,25;bankkártya
2214;2016-12-02 02:30:00;540;2,0;8,5;0,0;készpénz
8578;2016-12-15 14:15:00;180;0,6;5,0;0,0;készpénz
1827;2016-12-03 15:45:00;360;0,0;6,25;0,0;készpénz
451;2016-12-21 21:00:00;420;0,0;6,75;2,0;bankkártya
8247;2016-12-04 11:15:00;60;0,5;4,25;0,0;készpénz
3354;2016-12-03 00:15:00;540;1,82;8,25;0,0;készpénz
8190;2016-12-03 02:00:00;780;3,3;11,75;0,0;bankkártya
8327;2016-12-10 22:15:00;1320;13,5;20,25;4,05;bankkártya
1265;2016-12-12 16:30:00;360;0,9;6,25;0,0;készpénz
2560;2016-12-28 11:30:00;600;1,5;8,0;0,0;készpénz
7066;2016-12-09 23:30:00;900;0,0;14,25;0,0;készpénz
1742;2016-12-16 20:30:00;360;1,0;6,25;3,0;bankkártya
375;2016-12-10 22:00:00;300;1,0;5,75;0,0;készpénz
896;2016-12-05 12:15:00;300;1,0;6,0;0,0;készpénz
6969;2016-12-04 03:45:00;1020;0,3;16,25;0,0;készpénz
1644;2016-12-08 12:00:00;360;0,6;5,75;2,0;bankkártya
7345;2016-12-07 19:45:00;0;0,0;7,0;1,0;bankkártya
12;2016-12-26 18:30:00;300;0,7;5,25;0,0;készpénz
4852;2016-12-30 21:30:00;60;0,8;5,0;0,0;készpénz
3595;2016-12-08 15:30:00;360;1,0;6,25;0,0;készpénz
8710;2016-12-24 18:00:00;480;0,1;8,0;0,0;készpénz
3371;2016-12-09 13:30:00;660;1,7;8,75;1,0;bankkártya
567;2016-12-28 20:30:00;600;1,6;8,25;0,0;vitatott
2785;2016-12-16 13:45:00;600;0,9;7,0;0,0;készpénz
7255;2016-12-07 16:00:00;1320;2,4;12,5;0,0;készpénz
4146;2016-12-09 11:00:00;240;0,2;4,5;0,0;készpénz
7806;2016-12-11 10:15:00;180;0,65;5,0;0,0;készpénz
4532;2016-12-07 19:15:00;660;4,1;12,75;2,0;bankkártya
1747;2016-12-13 15:30:00;240;0,3;4,75;2,0;bankkártya
3515;2016-12-12 18:15:00;300;0,8;5,75;0,0;készpénz
6633;2016-12-09 09:15:00;660;1,4;8,0;0,0;készpénz
3617;2016-12-03 14:00:00;1740;4,8;17,5;0,0;készpénz
6876;2016-12-01 21:30:00;360;1,2;6,5;2,0;bankkártya
6577;2016-12-24 09:45:00;360;0,8;6,0;3,0;bankkártya
866;2016-12-05 08:45:00;540;0,7;6,25;2,0;bankkártya
6867;2016-12-17 13:45:00;780;3,9;13,0;2,0;bankkártya
6553;2016-12-30 21:00:00;360;1,3;6,75;1,25;bankkártya
3069;2016-12-21 04:15:00;0;0,0;3,25;0,0;készpénz
7028;2016-12-30 16:45:00;420;1,0;6,25;0,0;készpénz
1911;2016-12-07 16:30:00;2280;1,6;17,5;0,0;készpénz
2986;2016-12-11 17:45:00;660;0,8;7,5;0,0;készpénz
5426;2016-12-08 16:00:00;2640;0,0;42,75;9,35;bankkártya
8211;2016-12-13 11:15:00;0;0,0;4,75;2,0;bankkártya
3356;2016-12-16 22:00:00;660;0,0;14,25;0,0;készpénz
2733;2016-12-30 19:30:00;480;1,7;8,0;0,0;készpénz
8606;2016-12-17 16:30:00;300;0,9;5,5;0,0;készpénz
3469;2016-12-12 17:45:00;600;1,1;7,5;0,0;készpénz
414;2016-12-30 21:15:00;120;0,0;4,25;2,0;bankkártya
4304;2016-12-13 15:00:00;1020;1,3;9,75;0,0;készpénz
6513;2016-12-07 20:15:00;1020;0,1;10,0;2,0;bankkártya
7307;2016-12-19 09:45:00;300;0,56;5,25;0,0;készpénz
6344;2016-12-19 13:15:00;240;0,5;5,0;2,0;bankkártya
1679;2016-12-16 09:45:00;480;1,1;6,75;3,0;bankkártya
6644;2016-12-02 17:15:00;1740;11,3;31,5;0,0;készpénz
3218;2016-12-15 18:00:00;2100;12,4;35,0;0,0;készpénz
7676;2016-12-16 06:30:00;240;0,8;5,25;0,0;készpénz
4285;2016-12-08 14:45:00;480;0,0;6,5;1,0;bankkártya
8044;2016-12-07 18:00:00;60;0,0;55,25;0,0;készpénz
8227;2016-12-27 18:30:00;420;2,9;10,0;0,0;készpénz
4060;2016-12-15 19:15:00;900;2,1;10,75;0,0;készpénz
1278;2016-12-04 13:45:00;1740;14,1;36,25;0,0;készpénz
3240;2016-12-23 13:15:00;1140;4,1;15,25;3,05;bankkártya
569;2016-12-02 17:00:00;180;0,0;4,5;2,0;bankkártya
4060;2016-12-16 16:45:00;960;2,3;10,5;0,0;készpénz
3384;2016-12-08 21:30:00;540;2,8;10,25;0,0;készpénz
7255;2016-12-27 07:15:00;0;0,0;3,25;0,0;készpénz
561;2016-12-16 18:00:00;600;1,1;8,0;0,0;készpénz
6940;2016-12-26 21:00:00;660;2,9;10,5;0,0;készpénz
8301;2016-12-21 21:15:00;480;1,2;6,75;0,0;készpénz
5422;2016-12-15 20:00:00;507;1,34;7,5;0,0;készpénz
6907;2016-12-22 14:30:00;240;0,5;4,75;2,0;bankkártya
2450;2016-12-04 13:45:00;540;1,0;7,0;0,0;készpénz
3068;2016-12-16 18:45:00;1560;3,3;13,5;2,9;bankkártya
4692;2016-12-16 10:45:00;1740;14,9;38,0;4,0;bankkártya
6185;2016-12-15 15:15:00;600;1,4;8,0;0,0;készpénz
6744;2016-12-21 18:00:00;1080;0,0;9,75;0,0;készpénz
97;2016-12-21 03:00:00;480;0,1;9,0;0,0;készpénz
6858;2016-12-01 13:15:00;360;1,2;6,75;0,5;bankkártya
5015;2016-12-23 01:15:00;360;1,7;7,75;0,0;bankkártya
4620;2016-12-21 19:30:00;300;1,0;5,75;2,0;bankkártya
1638;2016-12-04 02:15:00;894;4,34;14,25;0,0;készpénz
5151;2016-12-19 14:45:00;1800;0,8;35,25;9,8;bankkártya
7925;2016-12-16 19:30:00;1500;2,9;14,0;3,5;bankkártya
6602;2016-12-07 13:00:00;1800;1,1;45,75;7,0;bankkártya
7436;2016-12-23 03:45:00;300;1,3;6,25;0,0;készpénz
3360;2016-12-04 01:00:00;240;0,0;4,75;0,0;készpénz
4247;2016-12-02 18:00:00;1260;1,9;11,5;0,0;készpénz
1763;2016-12-29 23:00:00;7920;9,9;65,5;0,0;készpénz
1455;2016-12-09 11:15:00;420;1,4;7,25;0,0;készpénz
3772;2016-12-09 18:15:00;1005;4,56;15,25;2,5;bankkártya
4680;2016-12-18 19:15:00;480;0,0;6,75;0,0;készpénz
2026;2016-12-01 10:30:00;1380;0,9;39,0;7,8;bankkártya
1852;2016-12-08 16:15:00;1200;0,2;15,25;0,0;készpénz
5991;2016-12-19 09:30:00;360;0,5;5,25;0,0;készpénz
7006;2016-12-04 23:00:00;360;1,8;7,75;0,0;készpénz
5818;2016-12-16 22:15:00;1380;12,7;32,25;0,0;készpénz
3792;2016-12-06 17:45:00;900;1,5;9,25;0,0;készpénz
6290;2016-12-19 13:45:00;420;1,0;6,5;0,0;készpénz
1633;2016-12-18 11:00:00;660;0,0;9,5;0,0;készpénz
8117;2016-12-03 14:45:00;420;0,0;6,5;1,0;bankkártya
7415;2016-12-10 18:45:00;780;0,0;10,0;0,0;készpénz
3395;2016-12-31 02:15:00;480;0,3;4,5;0,0;bankkártya
2410;2016-12-03 06:45:00;1860;6,2;23,75;0,0;készpénz
3895;2016-12-12 11:15:00;600;1,2;7,75;2,0;bankkártya
1827;2016-12-08 10:00:00;780;0,1;10,25;2,25;bankkártya
8508;2016-12-18 17:00:00;960;0,1;11,75;2,55;bankkártya
422;2016-12-16 21:00:00;540;1,1;7,5;0,0;készpénz
3022;2016-12-26 14:00:00;300;1,0;6,0;0,0;készpénz
5834;2016-12-16 09:15:00;660;0,1;9,25;3,0;bankkártya
3799;2016-12-31 14:15:00;240;0,0;5,5;0,0;készpénz
1483;2016-12-19 10:30:00;360;1,1;6,5;1,0;bankkártya
6065;2016-12-02 17:15:00;720;1,6;9,0;0,0;készpénz
25;2016-12-08 16:00:00;0;0,0;44,25;8,75;bankkártya
3886;2016-12-05 16:15:00;0;0,0;3,25;2,0;bankkártya
4993;2016-12-14 19:45:00;960;3,8;13,75;0,0;készpénz
7257;2016-12-19 15:15:00;840;0,0;9,25;0,0;készpénz
6970;2016-12-19 12:00:00;600;1,7;8,25;2,0;bankkártya
6868;2016-12-29 11:15:00;420;1,1;6,75;0,0;készpénz
8719;2016-12-17 14:00:00;661;1,53;8,25;0,0;készpénz
6252;2016-12-21 17:15:00;300;0,6;5,25;0,0;készpénz
4559;2016-12-31 20:30:00;300;1,0;6,0;0,0;készpénz
3018;2016-12-28 13:30:00;420;1,3;7,25;2,0;bankkártya
7758;2016-12-09 10:00:00;540;0,1;8,75;0,0;készpénz
4844;2016-12-12 17:00:00;0;0,0;3,25;0,0;készpénz
1010;2016-12-15 19:00:00;300;0,6;5,25;0,0;készpénz
6305;2016-12-09 07:15:00;720;0,1;11,0;0,0;készpénz
8758;2016-12-03 18:15:00;480;0,9;6,75;2,0;bankkártya
767;2016-12-29 10:45:00;540;1,4;7,25;0,0;készpénz
5776;2016-12-27 19:30:00;240;1,0;5,75;0,0;készpénz
397;2016-12-02 14:45:00;360;0,7;6,25;0,0;készpénz
3773;2016-12-02 16:00:00;420;0,0;6,0;0,0;készpénz
5138;2016-12-18 10:15:00;300;0,8;5,5;0,0;készpénz
3163;2016-12-03 00:45:00;420;0,0;10,25;0,0;készpénz
2564;2016-12-03 13:30:00;600;1,4;8,0;0,0;bankkártya
6078;2016-12-02 17:00:00;540;0,0;7,0;2,0;bankkártya
7355;2016-12-13 21:45:00;300;0,0;5,75;0,0;készpénz
6145;2016-12-06 09:45:00;480;0,9;7,0;1,0;bankkártya
6682;2016-12-16 14:45:00;540;1,0;7,0;0,0;készpénz
2879;2016-12-06 19:15:00;1020;3,0;12,0;0,0;készpénz
4276;2016-12-14 20:15:00;420;1,0;6,5;0,0;készpénz
8564;2016-12-06 13:30:00;780;2,2;10,0;1,0;bankkártya
1405;2016-12-08 14:15:00;2100;16,9;42,25;9,25;bankkártya
1667;2016-12-01 21:00:00;300;1,1;6,25;0,0;készpénz
1970;2016-12-19 20:15:00;360;1,2;6,5;1,0;bankkártya
3055;2016-12-16 01:00:00;540;2,7;10,0;2,2;bankkártya
1776;2016-12-11 20:45:00;240;0,3;4,5;0,0;készpénz
7540;2016-12-19 10:45:00;300;0,8;6,0;0,0;készpénz
5807;2016-12-09 12:00:00;540;0,8;6,75;2,0;bankkártya
6197;2016-12-02 13:30:00;60;0,0;3,25;0,0;készpénz
4958;2016-12-29 18:30:00;600;1,2;7,5;0,0;készpénz
3040;2016-12-14 09:15:00;900;0,0;13,0;2,0;bankkártya
4051;2016-12-13 12:45:00;1200;15,4;38,0;12,6;bankkártya
1026;2016-12-02 15:45:00;300;0,0;5,5;0,0;készpénz
4872;2016-12-15 12:30:00;540;0,0;7,5;0,0;készpénz
7540;2016-12-21 15:15:00;1080;3,3;13,75;3,56;bankkártya
7766;2016-12-28 20:15:00;600;4,7;14,5;0,0;készpénz
788;2016-12-20 08:45:00;600;0,0;7,75;4,38;bankkártya
5222;2016-12-20 14:15:00;240;0,3;4,5;0,0;készpénz
4920;2016-12-17 18:45:00;1680;6,7;22,0;4,4;bankkártya
7693;2016-12-04 20:45:00;234;0,82;5,25;0,0;készpénz
8200;2016-12-29 16:15:00;600;1,4;8,0;3,0;bankkártya
5729;2016-12-22 14:15:00;240;0,0;4,75;0,0;készpénz
6034;2016-12-21 15:45:00;540;1,3;7,5;0,0;készpénz
2206;2016-12-17 15:00:00;420;0,9;6,0;0,0;készpénz
5796;2016-12-06 18:45:00;720;0,0;8,5;2,0;bankkártya
8378;2016-12-16 13:45:00;540;1,1;7,0;2,0;bankkártya
1959;2016-12-02 08:00:00;1860;18,0;43,75;0,0;készpénz
7939;2016-12-02 04:15:00;300;0,0;5,75;0,0;készpénz
2672;2016-12-20 23:30:00;1620;17,1;41,5;0,0;készpénz
4596;2016-12-17 09:30:00;0;0,0;4,8;0,0;bankkártya
6877;2016-12-06 08:45:00;1980;8,0;23,75;4,75;bankkártya
2927;2016-12-03 03:45:00;1200;17,5;43,5;0,0;készpénz
3649;2016-12-09 14:30:00;1020;0,0;10,25;2,0;bankkártya
5625;2016-12-13 09:00:00;0;0,0;3,25;0,0;készpénz
532;2016-12-10 17:45:00;420;1,0;6,5;0,0;készpénz
8353;2016-12-11 14:45:00;540;1,7;8,25;0,0;készpénz
2175;2016-12-13 19:15:00;840;0,0;8,75;0,0;készpénz
5404;2016-12-09 14:00:00;960;5,4;17,0;0,0;bankkártya
6524;2016-12-16 23:00:00;1260;5,27;17,0;0,0;készpénz
3567;2016-12-21 19:00:00;180;0,2;4,25;0,0;készpénz
8376;2016-12-26 23:15:00;265;0,77;5,25;0,0;készpénz
3146;2016-12-13 09:15:00;1320;12,9;33,0;9,75;bankkártya
4063;2016-12-15 20:15:00;420;0,4;5,5;4,5;bankkártya
4685;2016-12-08 09:30:00;2820;1,0;45,75;10,0;bankkártya
7992;2016-12-17 22:15:00;3120;0,0;43,5;12,0;bankkártya
3875;2016-12-05 21:30:00;240;0,6;5,0;0,0;készpénz
5519;2016-12-03 10:30:00;1649;17,5;43,75;0,0;készpénz
8044;2016-12-13 11:15:00;1620;17,2;42,75;11,68;bankkártya
5631;2016-12-01 12:15:00;600;4,4;13,5;2,7;bankkártya
5881;2016-12-13 19:30:00;420;0,7;6,25;0,0;készpénz
684;2016-12-31 12:30:00;240;0,0;5,0;1,0;bankkártya
7384;2016-12-01 14:00:00;600;1,2;7,25;0,0;készpénz
5263;2016-12-31 06:45:00;1380;16,41;40,75;6,79;bankkártya
2986;2016-12-31 02:45:00;840;3,9;13,0;2,0;bankkártya
3547;2016-12-10 23:30:00;240;1,1;5,75;2,0;bankkártya
8648;2016-12-23 16:15:00;300;0,0;5,5;0,0;készpénz
2048;2016-12-01 14:15:00;1620;10,4;28,75;6,55;bankkártya
3541;2016-12-05 21:30:00;1020;7,9;22,25;3,0;bankkártya
4109;2016-12-30 14:15:00;540;0,0;8,5;2,0;bankkártya
686;2016-12-12 23:30:00;360;0,0;6,25;0,0;készpénz
3217;2016-12-14 18:30:00;1680;1,9;13,5;3,0;bankkártya
3238;2016-12-27 15:45:00;2400;0,9;41,25;0,0;készpénz
3865;2016-12-17 16:45:00;360;0,0;6,5;2,0;bankkártya
3433;2016-12-09 18:00:00;60;0,0;3,25;0,0;készpénz
393;2016-12-14 15:15:00;600;0,0;7,25;0,0;készpénz
2653;2016-12-08 15:00:00;20;0,0;3,25;0,0;készpénz
1426;2016-12-08 15:15:00;2160;12,5;33,0;7,4;bankkártya
3899;2016-12-23 10:00:00;1560;0,0;36,5;0,0;készpénz
7579;2016-12-21 01:00:00;480;1,1;7,0;3,0;bankkártya
46;2016-12-19 23:45:00;660;3,5;10,5;0,0;készpénz
920;2016-12-30 17:45:00;360;1,1;6,5;1,0;bankkártya
3;2016-12-21 23:00:00;360;1,6;7,5;0,0;készpénz
6826;2016-12-10 22:00:00;300;0,46;4,75;0,0;készpénz
7586;2016-12-21 21:30:00;1740;17,2;43,0;0,0;készpénz
3736;2016-12-19 09:30:00;240;0,5;5,0;0,0;készpénz
4332;2016-12-06 07:45:00;720;0,6;7,75;10,0;bankkártya
1707;2016-12-10 19:00:00;2580;17,5;43,5;18,25;bankkártya
5998;2016-12-27 09:30:00;1380;14,5;36,25;10,05;bankkártya
7187;2016-12-22 09:15:00;360;0,8;6,0;0,0;készpénz
4025;2016-12-07 22:00:00;420;1,0;6,25;2,0;bankkártya
5637;2016-12-20 20:45:00;1140;8,6;24,0;4,9;bankkártya
4928;2016-12-14 05:45:00;0;0,0;3,25;0,0;készpénz
4675;2016-12-08 18:30:00;180;0,0;4,0;0,0;készpénz
2036;2016-12-06 19:00:00;600;2,8;10,25;0,0;készpénz
1545;2016-12-19 06:30:00;1740;10,1;27,25;0,0;készpénz
4490;2016-12-11 17:45:00;180;0,4;4,5;0,0;készpénz
329;2016-12-19 14:00:00;1680;11,9;32,25;9,05;bankkártya
6611;2016-12-26 16:30:00;300;1,0;5,5;0,0;készpénz
6322;2016-12-20 19:00:00;480;0,8;6,75;2,0;bankkártya
6369;2016-12-13 19:15:00;720;1,3;8,25;0,0;készpénz
2058;2016-12-18 19:30:00;420;1,3;7,0;1,0;bankkártya
8336;2016-12-08 15:30:00;780;1,7;8,75;0,0;készpénz
6358;2016-12-08 14:15:00;780;1,6;9,25;0,0;készpénz
5131;2016-12-04 12:45:00;840;2,0;10,0;2,4;bankkártya
4325;2016-12-27 23:45:00;420;0,0;7,0;2,0;bankkártya
8030;2016-12-29 11:45:00;660;1,3;7,75;2,0;bankkártya
4877;2016-12-30 12:45:00;300;0,0;5,75;2,0;bankkártya
8088;2016-12-12 15:45:00;274;0,68;5,25;1,0;bankkártya
4576;2016-12-07 00:45:00;240;0,0;5,75;3,0;bankkártya
5380;2016-12-21 09:45:00;780;1,5;9,0;0,0;készpénz
3684;2016-12-21 19:15:00;480;0,0;7,0;0,0;készpénz
2618;2016-12-21 18:30:00;1140;5,0;16,0;3,5;bankkártya
2240;2016-12-28 14:45:00;300;0,0;5,75;0,0;készpénz
8636;2016-12-22 17:30:00;480;0,0;6,5;0,0;készpénz
5117;2016-12-15 20:45:00;1200;0,8;33,5;0,0;készpénz
3295;2016-12-27 13:30:00;2520;29,8;72,75;0,0;készpénz
5112;2016-12-29 15:00:00;600;2,8;10,5;2,3;bankkártya
5179;2016-12-26 12:00:00;240;0,5;5,0;3,0;bankkártya
4362;2016-12-03 11:00:00;360;0,9;6,0;0,0;készpénz
1030;2016-12-19 09:15:00;480;0,0;6,75;1,0;bankkártya
3004;2016-12-22 16:30:00;480;1,2;7,0;1,0;bankkártya
5502;2016-12-15 18:45:00;960;3,0;11,75;0,0;készpénz
7198;2016-12-15 12:15:00;720;1,0;8,0;0,0;készpénz
5784;2016-12-20 09:15:00;780;3,7;13,25;2,0;bankkártya
6094;2016-12-17 23:15:00;480;0,0;6,25;0,0;készpénz
2179;2016-12-02 16:45:00;1620;5,8;19,25;0,0;készpénz
6746;2016-12-05 13:00:00;720;3,9;13,75;0,0;készpénz
2226;2016-12-05 14:00:00;360;0,9;6,25;0,0;készpénz
8645;2016-12-15 22:15:00;780;4,7;14,5;0,0;készpénz
4438;2016-12-09 11:00:00;540;0,0;7,75;0,0;készpénz
1555;2016-12-15 15:30:00;60;0,1;3,75;0,0;ingyenes
2969;2016-12-29 14:15:00;480;1,3;7,25;0,0;készpénz
6458;2016-12-09 11:45:00;540;0,0;7,25;0,0;készpénz
4443;2016-12-28 07:45:00;480;3,2;11,0;2,0;bankkártya
2059;2016-12-13 09:45:00;420;0,9;6,25;1,5;bankkártya
7854;2016-12-09 20:00:00;1080;4,7;15,75;0,0;készpénz
4297;2016-12-01 10:30:00;480;0,1;8,0;3,0;bankkártya
7961;2016-12-19 15:15:00;180;0,5;4,75;0,0;készpénz
3620;2016-12-14 22:30:00;780;3,4;12,0;0,0;készpénz
340;2016-12-01 08:30:00;3120;18,1;46,0;9,2;bankkártya
8264;2016-12-24 01:00:00;1320;16,5;41,25;12,55;bankkártya
7766;2016-12-18 19:00:00;480;0,8;6,0;0,0;készpénz
6777;2016-12-15 14:30:00;480;1,3;7,0;3,0;bankkártya
554;2016-12-21 21:30:00;540;1,8;8,25;0,0;készpénz
5780;2016-12-27 15:00:00;840;1,9;9,75;0,0;készpénz
5580;2016-12-13 14:45:00;360;0,5;5,75;0,0;készpénz
7135;2016-12-11 05:15:00;300;1,3;6,5;2,0;bankkártya
4409;2016-12-02 07:00:00;1800;23,5;57,0;0,0;készpénz
7586;2016-12-22 01:15:00;360;1,4;6,75;1,0;bankkártya
1163;2016-12-16 22:15:00;180;0,5;4,75;2,0;bankkártya
8188;2016-12-16 13:45:00;720;2,4;9,75;0,0;készpénz
3045;2016-12-12 08:00:00;840;2,2;10,25;0,0;készpénz
5869;2016-12-07 10:30:00;240;0,3;4,5;0,0;készpénz
5428;2016-12-19 14:45:00;540;1,6;7,75;2,0;bankkártya
6755;2016-12-14 20:15:00;660;1,2;7,75;0,0;készpénz
8398;2016-12-01 19:00:00;780;2,1;9,75;2,25;bankkártya
7712;2016-12-05 10:45:00;1740;19,7;48,25;7,0;bankkártya
8734;2016-12-08 14:00:00;2100;1,0;43,75;0,0;készpénz
3014;2016-12-17 03:00:00;1440;1,1;46,0;3,0;bankkártya
4903;2016-12-08 11:30:00;0;0,0;47,0;0,0;bankkártya
2665;2016-12-07 10:30:00;1140;2,1;11,5;0,0;készpénz
5028;2016-12-01 13:15:00;300;0,38;5,0;3,0;bankkártya
6922;2016-12-14 19:15:00;300;0,6;5,25;2,0;bankkártya
3210;2016-12-16 20:15:00;3180;11,6;33,75;0,0;bankkártya
977;2016-12-06 14:00:00;720;1,9;9,5;0,0;készpénz
4182;2016-12-13 19:15:00;1560;12,2;32,75;7,35;bankkártya
3920;2016-12-21 19:15:00;540;1,1;7,0;0,0;készpénz
7523;2016-12-31 21:15:00;480;0,7;6,25;0,0;készpénz
2635;2016-12-13 07:45:00;1180;6,91;19,5;0,0;készpénz
920;2016-12-01 19:15:00;600;1,2;7,5;0,0;készpénz
171;2016-12-19 08:15:00;960;1,1;8,75;2,0;bankkártya
6775;2016-12-26 01:15:00;420;0,0;8,0;0,0;készpénz
6945;2016-12-08 14:45:00;300;0,5;5,25;0,0;készpénz
1759;2016-12-16 12:45:00;300;0,6;5,0;1,0;bankkártya
5782;2016-12-09 09:00:00;240;1,0;5,75;2,0;bankkártya
5348;2016-12-31 08:45:00;540;1,4;7,75;0,0;készpénz
8324;2016-12-12 11:00:00;1320;12,3;31,75;7,25;bankkártya
6046;2016-12-31 22:15:00;360;1,78;7,5;0,0;készpénz
1800;2016-12-06 21:00:00;600;2,0;9,0;2,0;bankkártya
4353;2016-12-05 17:45:00;600;1,0;7,5;1,5;bankkártya
3247;2016-12-16 07:30:00;420;1,3;7,0;0,0;készpénz
1164;2016-12-09 09:45:00;1200;0,1;12,25;2,45;bankkártya
8376;2016-12-07 20:30:00;712;3,7;12,5;0,0;készpénz
8149;2016-12-25 01:00:00;3180;20,5;53,75;0,0;készpénz
123;2016-12-07 13:45:00;540;7,1;19,25;0,0;készpénz
981;2016-12-25 14:00:00;1080;7,0;20,25;0,0;készpénz
3863;2016-12-09 16:00:00;3900;18,5;47,0;7,0;bankkártya
3786;2016-12-24 15:45:00;420;0,9;6,25;0,0;bankkártya
7809;2016-12-03 07:30:00;1200;12,9;32,5;0,0;készpénz
2993;2016-12-23 17:00:00;1140;1,6;10,75;2,0;bankkártya
400;2016-12-15 21:30:00;360;1,1;6,25;2,0;bankkártya
5401;2016-12-06 10:30:00;420;0,9;6,5;2,0;bankkártya
547;2016-12-31 16:00:00;300;0,0;3,25;0,0;készpénz
2211;2016-12-06 08:45:00;780;3,4;12,5;0,0;készpénz
5896;2016-12-07 18:30:00;300;1,1;6,25;0,0;készpénz
6742;2016-12-28 17:30:00;660;2,3;9,5;3,0;bankkártya
1460;2016-12-24 18:45:00;300;0,0;5,25;1,0;bankkártya
901;2016-12-05 23:45:00;600;2,6;10,0;2,0;bankkártya
2139;2016-12-22 15:30:00;360;0,4;5,5;2,0;bankkártya
1109;2016-12-17 00:45:00;240;0,5;4,75;1,0;bankkártya
7033;2016-12-22 10:15:00;420;1,4;7,5;0,0;készpénz
1691;2016-12-24 21:15:00;660;0,0;10,5;0,0;készpénz
1506;2016-12-21 19:30:00;780;3,08;11,25;0,0;készpénz
1538;2016-12-28 19:30:00;60;0,4;4,0;0,0;készpénz
618;2016-12-04 18:00:00;0;0,0;18,25;4,56;bankkártya
4857;2016-12-15 21:30:00;900;3,5;13,0;3,0;bankkártya
5014;2016-12-21 08:45:00;420;1,4;6,75;0,0;készpénz
5083;2016-12-09 09:15:00;538;1,25;7,25;2,0;bankkártya
3233;2016-12-26 10:00:00;120;0,4;4,25;0,0;készpénz
6129;2016-12-03 20:00:00;300;0,5;5,0;0,0;készpénz
297;2016-12-07 20:30:00;1500;21,3;51,5;8,0;bankkártya
1311;2016-12-18 18:15:00;540;1,5;8,0;0,0;készpénz
733;2016-12-01 09:15:00;480;1,6;7,75;2,0;bankkártya
505;2016-12-13 11:30:00;420;0,0;6,75;0,0;készpénz
8436;2016-12-13 15:00:00;240;0,6;5,0;2,0;bankkártya
4934;2016-12-28 17:00:00;780;2,5;10,25;3,0;bankkártya
4007;2016-12-05 22:15:00;240;0,5;4,75;0,0;készpénz
8414;2016-12-09 14:15:00;478;1,11;7,0;0,0;készpénz
1534;2016-12-05 19:00:00;480;3,3;11,0;3,0;bankkártya
6317;2016-12-16 17:00:00;840;0,0;8,75;0,0;készpénz
2649;2016-12-08 22:00:00;600;1,4;7,5;0,0;készpénz
4659;2016-12-08 12:00:00;2040;17,2;44,0;6,0;bankkártya
7900;2016-12-01 14:45:00;780;1,0;8,25;2,0;bankkártya
177;2016-12-19 19:00:00;360;1,09;6,5;0,0;készpénz
2708;2016-12-19 23:15:00;600;4,7;14,25;0,0;készpénz
3043;2016-12-30 17:45:00;600;0,0;8,75;2,0;bankkártya
3891;2016-12-15 18:45:00;240;0,0;5,25;0,0;készpénz
8380;2016-12-30 11:15:00;240;0,7;6,25;0,0;készpénz
6065;2016-12-01 02:30:00;60;0,0;8,0;0,0;bankkártya
6401;2016-12-15 22:00:00;1080;9,8;25,75;0,0;készpénz
4494;2016-12-05 11:45:00;540;1,4;7,25;2,0;bankkártya
2139;2016-12-28 15:00:00;180;0,3;4,25;0,0;készpénz
2118;2016-12-01 20:45:00;780;0,0;11,75;0,0;bankkártya
1955;2016-12-02 09:45:00;360;1,2;6,25;2,0;bankkártya
2214;2016-12-01 18:45:00;600;1,0;7,25;0,0;készpénz
2914;2016-12-12 07:15:00;540;1,9;8,75;2,0;bankkártya
2457;2016-12-22 20:00:00;960;0,0;11,0;0,0;készpénz
2601;2016-12-28 17:15:00;540;2,1;11,75;0,0;készpénz
229;2016-12-12 19:30:00;240;0,7;5,5;2,0;bankkártya
7717;2016-12-14 22:45:00;120;0,3;4,0;0,0;készpénz
5367;2016-12-13 15:45:00;1080;0,0;14,75;0,0;készpénz
6943;2016-12-20 06:30:00;360;1,3;7,0;0,0;készpénz
2186;2016-12-27 09:45:00;540;1,4;7,75;2,0;bankkártya
4467;2016-12-20 08:00:00;180;0,4;4,25;0,0;készpénz
1545;2016-12-29 12:45:00;480;1,1;7,0;0,0;készpénz
8672;2016-12-17 14:45:00;600;1,4;7,75;0,0;készpénz
2966;2016-12-21 20:45:00;540;1,2;7,25;0,0;készpénz
4005;2016-12-04 19:15:00;180;0,3;4,25;0,0;készpénz
4680;2016-12-09 18:15:00;480;0,0;6,25;0,0;készpénz
3462;2016-12-07 09:30:00;300;0,7;5,25;0,0;készpénz
4261;2016-12-03 00:30:00;480;1,7;7,5;3,0;bankkártya
8014;2016-12-20 21:30:00;180;0,0;5,0;0,0;készpénz
710;2016-12-09 21:45:00;540;0,0;10,25;0,0;készpénz
7969;2016-12-13 13:00:00;1560;17,2;42,0;8,4;bankkártya
3600;2016-12-01 18:00:00;540;1,0;7,0;0,0;készpénz
5587;2016-12-23 15:15:00;1800;5,9;21,0;0,0;készpénz
6195;2016-12-28 11:30:00;600;1,5;8,25;2,0;bankkártya
2448;2016-12-16 12:15:00;540;0,0;8,25;2,0;bankkártya
3997;2016-12-19 06:45:00;840;4,3;14,5;2,9;bankkártya
5025;2016-12-01 14:15:00;1560;0,7;29,75;5,95;bankkártya
6627;2016-12-05 16:00:00;411;0,8;6,25;0,0;készpénz
5573;2016-12-23 19:15:00;300;0,5;5,5;0,0;készpénz
2041;2016-12-14 12:45:00;420;0,0;6,5;1,0;bankkártya
6008;2016-12-02 13:30:00;300;0,86;5,75;1,0;bankkártya
8307;2016-12-26 14:30:00;2160;18,6;45,5;10,2;bankkártya
4089;2016-12-09 16:30:00;1200;1,4;10,75;0,0;készpénz
2276;2016-12-07 19:15:00;600;4,5;13,5;3,5;bankkártya
1284;2016-12-20 18:15:00;1020;1,5;9,75;0,0;készpénz
3694;2016-12-18 20:30:00;1680;14,3;36,25;10,05;bankkártya
2716;2016-12-28 13:15:00;720;1,3;8,5;0,0;készpénz
3612;2016-12-10 12:45:00;420;0,0;6,5;0,0;készpénz
5341;2016-12-03 17:00:00;180;0,4;4,5;0,0;készpénz
5832;2016-12-22 17:15:00;720;1,0;8,0;0,0;készpénz
1473;2016-12-22 20:45:00;720;1,6;8,75;0,0;készpénz
3395;2016-12-15 07:15:00;420;1,6;7,5;2,0;bankkártya
5899;2016-12-14 16:30:00;3180;17,2;43,25;12,05;bankkártya
4251;2016-12-02 22:30:00;120;0,1;3,75;2,0;bankkártya
1924;2016-12-20 19:30:00;540;0,0;7,5;0,0;készpénz
1545;2016-12-28 09:15:00;540;2,9;10,25;0,0;készpénz
7198;2016-12-30 12:30:00;360;0,9;6,25;2,0;bankkártya
2916;2016-12-29 20:30:00;660;4,2;13,5;0,0;készpénz
6046;2016-12-21 22:15:00;0;0,0;3,25;0,0;bankkártya
2743;2016-12-23 16:45:00;660;0,3;6,75;0,0;készpénz
7665;2016-12-03 16:45:00;480;0,6;6,25;0,0;készpénz
3360;2016-12-31 18:15:00;540;0,1;9,25;0,0;készpénz
7750;2016-12-04 04:15:00;540;1,5;8,0;2,0;bankkártya
5796;2016-12-15 21:00:00;300;0,0;5,75;2,0;bankkártya
5232;2016-12-13 01:00:00;480;1,5;7,5;1,0;bankkártya
5196;2016-12-31 17:30:00;780;6,2;18,25;0,0;készpénz
1109;2016-12-15 14:15:00;2340;18,0;46,25;0,5;bankkártya
153;2016-12-13 17:15:00;300;5,2;5,0;1,0;bankkártya
747;2016-12-14 11:45:00;240;0,7;5,5;2,0;bankkártya
5846;2016-12-07 14:00:00;720;2,1;9,25;0,0;készpénz
4438;2016-12-02 19:45:00;1380;0,3;17,25;0,0;készpénz
1513;2016-12-02 12:15:00;480;0,9;6,75;0,0;készpénz
2467;2016-12-28 15:45:00;240;0,6;5,0;3,0;bankkártya
4900;2016-12-07 16:30:00;240;0,9;5,75;0,0;készpénz
2166;2016-12-30 18:30:00;480;1,8;8,0;0,0;készpénz
4152;2016-12-15 17:45:00;0;0,0;3,25;0,0;vitatott
5131;2016-12-19 08:30:00;360;0,8;6,0;2,0;bankkártya
7589;2016-12-14 16:45:00;540;1,3;7,5;2,0;bankkártya
6853;2016-12-07 13:00:00;420;1,4;7,25;0,0;készpénz
2847;2016-12-03 07:45:00;1080;7,9;22,25;0,0;bankkártya
4993;2016-12-29 11:30:00;1200;7,8;22,75;0,0;készpénz
6290;2016-12-06 15:15:00;300;1,2;6,25;1,5;bankkártya
2833;2016-12-13 10:45:00;960;2,5;11,5;0,0;bankkártya
7590;2016-12-09 19:15:00;540;1,2;7,25;3,0;bankkártya
6054;2016-12-14 23:00:00;120;0,4;4,25;2,0;bankkártya
5226;2016-12-06 09:00:00;360;1,3;6,5;0,0;készpénz
4527;2016-12-01 19:15:00;900;2,5;10,75;0,0;készpénz
8269;2016-12-18 14:30:00;1500;1,7;13,0;0,0;készpénz
6290;2016-12-16 06:45:00;240;1,0;5,75;0,0;készpénz
1460;2016-12-21 13:45:00;900;0,0;9,25;0,0;készpénz
7205;2016-12-18 00:15:00;1980;0,8;36,0;8,0;bankkártya
2179;2016-12-30 00:30:00;240;0,7;5,5;0,0;készpénz
5501;2016-12-12 12:00:00;1260;2,52;12,5;2,6;bankkártya
4675;2016-12-30 19:00:00;360;0,0;6,25;3,0;bankkártya
717;2016-12-10 14:45:00;1920;16,3;40,5;0,0;ingyenes
7863;2016-12-29 18:15:00;840;1,0;8,0;0,0;készpénz
1987;2016-12-08 11:00:00;240;0,5;5,0;0,0;készpénz
2452;2016-12-01 18:45:00;660;1,2;8,0;0,0;készpénz
177;2016-12-12 12:30:00;601;6,0;17,0;0,0;készpénz
7755;2016-12-21 13:30:00;7860;36,5;110,75;0,0;készpénz
7315;2016-12-15 08:30:00;240;0,6;5,0;2,0;bankkártya
2918;2016-12-14 20:15:00;540;0,0;7,0;1,4;bankkártya
8344;2016-12-03 14:15:00;240;0,6;5,0;1,0;bankkártya
2167;2016-12-07 10:45:00;0;0,0;95,25;14,0;ingyenes
8710;2016-12-17 05:00:00;1200;1,0;42,0;0,0;készpénz
2447;2016-12-18 17:45:00;600;1,2;7,5;0,0;készpénz
4069;2016-12-21 17:45:00;2100;2,3;18,5;3,7;bankkártya
3018;2016-12-18 23:00:00;1860;18,5;46,0;0,0;készpénz
3993;2016-12-23 19:30:00;420;1,3;7,0;0,0;készpénz
5525;2016-12-02 10:15:00;540;0,9;6,5;0,0;készpénz
8463;2016-12-01 09:00:00;2280;17,9;45,5;0,0;készpénz
3736;2016-12-05 14:00:00;2040;17,2;42,75;9,65;bankkártya
4618;2016-12-16 07:45:00;660;1,7;8,5;0,0;készpénz
6089;2016-12-09 16:45:00;3180;9,4;47,5;0,0;készpénz
3862;2016-12-01 18:45:00;660;0,1;9,0;0,0;készpénz
8636;2016-12-28 17:00:00;420;0,0;7,0;0,0;készpénz
4927;2016-12-07 15:30:00;960;0,0;10,25;3,05;bankkártya
32;2016-12-29 21:45:00;540;0,1;8,25;2,0;bankkártya
6016;2016-12-20 08:15:00;660;0,0;20,1;0,0;ismeretlen
3178;2016-12-06 18:00:00;780;0,7;7,75;3,0;bankkártya
4601;2016-12-03 13:30:00;960;9,8;21,5;0,0;ingyenes
4433;2016-12-22 17:15:00;300;0,7;5,5;0,0;készpénz
464;2016-12-15 17:15:00;420;1,2;7,0;0,0;készpénz
7517;2016-12-09 18:45:00;840;0,0;9,25;0,0;készpénz
6376;2016-12-29 19:45:00;840;4,6;14,5;0,0;készpénz
5767;2016-12-21 21:00:00;780;5,8;17,5;4,5;bankkártya
8014;2016-12-09 19:00:00;840;0,3;15,0;3,75;bankkártya
3862;2016-12-07 19:00:00;1740;0,2;16,5;3,3;bankkártya
7468;2016-12-27 04:00:00;0;0,0;3,25;0,0;készpénz
7352;2016-12-10 16:15:00;780;1,3;8,5;0,0;készpénz
668;2016-12-13 18:00:00;720;0,1;9,0;2,0;bankkártya
4202;2016-12-29 19:45:00;1800;0,8;33,5;9,6;bankkártya
5108;2016-12-17 06:15:00;420;3,1;10,5;2,0;bankkártya
6650;2016-12-15 10:30:00;720;1,1;8,0;2,0;bankkártya
6398;2016-12-09 15:15:00;660;1,74;9,0;0,0;készpénz
7390;2016-12-30 09:15:00;900;5,1;16,0;3,6;bankkártya
1897;2016-12-17 00:00:00;120;0,2;3,75;4,0;bankkártya
972;2016-12-08 23:45:00;180;0,4;4,5;2,0;bankkártya
4296;2016-12-22 21:45:00;600;2,8;10,5;4,0;bankkártya
2063;2016-12-26 06:45:00;600;2,7;10,5;0,0;készpénz
8063;2016-12-12 14:30:00;600;1,7;8,5;0,0;készpénz
1463;2016-12-10 18:15:00;300;0,0;5,25;0,0;készpénz
3312;2016-12-16 19:15:00;720;0,6;7,5;0,0;készpénz
6180;2016-12-30 18:30:00;780;2,2;10,25;2,0;bankkártya
8309;2016-12-07 09:45:00;2220;8,5;25,25;4,0;bankkártya
6717;2016-12-14 10:30:00;360;0,5;5,5;2,0;bankkártya
1545;2016-12-16 08:00:00;660;2,6;10,25;0,0;készpénz
3062;2016-12-21 15:30:00;360;1,2;6,75;0,0;ismeretlen
4811;2016-12-27 16:15:00;1260;13,1;33,25;0,0;készpénz
2058;2016-12-06 12:00:00;480;1,1;7,0;0,0;készpénz
3433;2016-12-06 19:30:00;2640;15,5;41,25;9,05;bankkártya
4292;2016-12-23 21:45:00;240;1,0;6,0;2,0;bankkártya
2618;2016-12-08 19:45:00;1860;9,0;27,25;0,0;készpénz
5548;2016-12-06 20:00:00;600;2,4;9,5;0,0;készpénz
1523;2016-12-04 02:00:00;300;0,0;3,5;0,0;készpénz
7028;2016-12-05 10:45:00;480;2,0;8,25;0,0;készpénz
6535;2016-12-01 21:30:00;840;0,0;8,0;0,0;készpénz
1193;2016-12-13 21:30:00;300;1,0;5,75;0,0;ingyenes
1164;2016-12-31 19:30:00;240;0,0;5,25;0,0;készpénz
2514;2016-12-05 06:15:00;180;0,6;5,0;5,0;bankkártya
778;2016-12-11 16:15:00;720;3,0;11,0;2,0;bankkártya
6305;2016-12-24 14:30:00;660;0,2;12,5;2,8;bankkártya
2004;2016-12-06 17:45:00;660;1,8;8,5;0,0;készpénz
3495;2016-12-23 13:15:00;660;1,2;7,75;0,0;készpénz
7213;2016-12-23 20:15:00;660;2,2;9,25;0,0;készpénz
8685;2016-12-14 00:30:00;240;1,2;6,0;0,0;készpénz
5435;2016-12-19 07:45:00;240;0,6;5,0;0,0;készpénz
4195;2016-12-17 00:30:00;420;1,5;7,5;0,0;készpénz
3165;2016-12-12 18:45:00;1740;10,2;29,75;3,0;bankkártya
5411;2016-12-09 17:45:00;780;1,3;8,75;0,0;készpénz
7374;2016-12-03 00:45:00;480;1,73;7,75;0,0;bankkártya
197;2016-12-06 10:30:00;840;0,0;9,0;0,0;készpénz
5257;2016-12-14 22:30:00;480;1,5;7,25;2,0;bankkártya
8696;2016-12-30 15:15:00;660;0,5;7,0;0,0;készpénz
1322;2016-12-10 01:45:00;540;0,0;7,75;0,0;készpénz
1928;2016-12-07 18:45:00;120;0,0;3,75;0,0;készpénz
812;2016-12-30 23:15:00;540;0,0;7,5;2,0;bankkártya
1462;2016-12-02 09:00:00;420;1,3;6,75;0,0;készpénz
4689;2016-12-01 19:00:00;480;1,6;7,75;2,0;bankkártya
1486;2016-12-05 19:45:00;212;0,82;5,5;0,0;készpénz
8563;2016-12-30 12:45:00;780;0,0;9,0;0,0;készpénz
3016;2016-12-21 15:30:00;360;0,6;5,75;4,0;bankkártya
3387;2016-12-23 16:15:00;120;0,3;4,0;0,0;készpénz
4320;2016-12-01 09:45:00;1080;2,6;11,75;0,0;készpénz
3258;2016-12-17 16:45:00;240;0,5;4,75;0,0;készpénz
1037;2016-12-14 10:30:00;1140;3,3;13,25;0,0;készpénz
6786;2016-12-13 09:15:00;360;0,4;5,5;2,0;bankkártya
7891;2016-12-21 01:00:00;600;3,7;12,25;2,75;bankkártya
4301;2016-12-02 11:30:00;900;0,1;10,0;3,0;bankkártya
567;2016-12-17 15:15:00;360;2,3;9,0;3,0;bankkártya
6907;2016-12-09 13:30:00;420;1,1;6,75;0,0;készpénz
3612;2016-12-31 21:30:00;1200;0,0;16,0;0,0;készpénz
2283;2016-12-27 15:15:00;660;2,2;9,75;0,0;készpénz
1294;2016-12-07 22:45:00;960;5,5;17,0;0,0;készpénz
255;2016-12-22 05:00:00;240;1,2;6,5;2,0;bankkártya
2081;2016-12-09 11:00:00;60;0,1;3,5;0,0;készpénz
3004;2016-12-21 11:30:00;840;1,1;8,5;0,0;készpénz
2318;2016-12-21 16:15:00;1920;11,9;33,5;7,8;bankkártya
284;2016-12-22 18:30:00;3660;19,0;48,0;0,0;készpénz
5329;2016-12-15 21:30:00;1920;17,8;43,5;0,0;készpénz
74;2016-12-29 11:45:00;498;1,27;7,25;0,0;készpénz
1383;2016-12-14 03:00:00;180;0,0;4,75;0,0;készpénz
2601;2016-12-27 17:45:00;0;0,0;13,75;0,0;készpénz
1380;2016-12-02 12:00:00;420;0,9;6,25;1,25;bankkártya
1869;2016-12-16 19:00:00;1980;5,24;18,25;0,0;készpénz
3721;2016-12-05 14:45:00;240;0,0;4,75;0,0;készpénz
778;2016-12-16 11:45:00;660;1,3;7,75;0,0;készpénz
8634;2016-12-15 16:00:00;240;0,7;5,0;2,0;bankkártya
527;2016-12-31 10:15:00;780;4,5;14,25;0,0;készpénz
2009;2016-12-15 08:30:00;0;0,0;3,25;0,0;készpénz
8361;2016-12-15 18:00:00;960;1,2;9,0;2,0;bankkártya
3340;2016-12-23 09:45:00;360;1,2;6,75;0,0;készpénz
938;2016-12-11 03:00:00;660;5,5;15,5;0,0;készpénz
5571;2016-12-16 19:45:00;720;1,7;9,0;0,0;készpénz
814;2016-12-11 21:45:00;180;0,5;4,75;0,0;készpénz
8274;2016-12-31 16:15:00;720;0,0;9,75;2,15;bankkártya
475;2016-12-24 20:30:00;240;0,76;5,5;0,0;készpénz
386;2016-12-14 11:45:00;180;0,6;4,75;0,0;készpénz
349;2016-12-09 17:45:00;480;1,5;7,5;0,0;készpénz
4825;2016-12-08 11:00:00;480;1,6;8,0;4,0;bankkártya
6620;2016-12-12 17:15:00;2460;17,4;43,75;8,75;bankkártya
3033;2016-12-01 07:00:00;420;1,5;7,25;2,0;bankkártya
433;2016-12-21 17:15:00;1020;0,0;18,25;0,0;készpénz
7063;2016-12-09 16:00:00;420;0,0;6,5;0,0;készpénz
8565;2016-12-30 20:30:00;780;4,3;14,25;3,05;bankkártya
1731;2016-12-22 15:15:00;840;0,1;11,75;0,0;készpénz
1240;2016-12-09 18:45:00;420;1,2;7,0;2,0;bankkártya
157;2016-12-29 17:30:00;240;0,0;5,0;1,0;bankkártya
5990;2016-12-20 22:45:00;180;0,4;4,5;0,0;készpénz
2388;2016-12-31 02:30:00;180;0,0;4,75;0,0;készpénz
7999;2016-12-20 21:00:00;120;0,6;4,5;0,0;készpénz
2215;2016-12-07 16:30:00;3780;16,9;44,75;12,18;bankkártya
53;2016-12-28 19:15:00;1020;0,1;12,0;2,4;bankkártya
6654;2016-12-02 02:45:00;900;0,3;16,25;3,55;bankkártya
4790;2016-12-29 21:15:00;600;2,4;9,75;3,0;bankkártya
4934;2016-12-19 07:45:00;540;1,4;7,75;2,0;bankkártya
1744;2016-12-03 00:15:00;360;2,6;9,5;0,0;készpénz
169;2016-12-06 19:00:00;360;0,8;6,0;0,0;készpénz
3649;2016-12-11 02:15:00;720;0,1;9,25;0,0;készpénz
3909;2016-12-24 18:30:00;0;0,0;2,0;0,0;készpénz
7961;2016-12-16 18:30:00;240;0,5;4,75;1,0;bankkártya
6755;2016-12-01 10:00:00;2760;22,0;53,75;11,55;bankkártya
7407;2016-12-03 00:15:00;240;0,7;5,25;0,0;készpénz
2259;2016-12-13 01:45:00;180;1,1;5,75;0,0;készpénz
6113;2016-12-18 00:00:00;1020;4,2;13,75;0,0;készpénz
5178;2016-12-09 21:45:00;480;1,1;6,75;0,0;készpénz
2733;2016-12-10 22:45:00;360;1,5;7,5;0,0;készpénz
6569;2016-12-23 16:45:00;300;0,0;5,5;0,0;készpénz
3792;2016-12-04 14:15:00;420;1,2;7,0;0,0;készpénz
1000;2016-12-05 18:30:00;2591;17,96;44,5;0,0;bankkártya
7230;2016-12-09 17:30:00;1020;0,7;9,0;0,0;készpénz
1309;2016-12-30 20:45:00;840;2,2;10,25;0,0;készpénz
2847;2016-12-15 20:30:00;780;2,4;10,25;2,0;bankkártya
3846;2016-12-09 11:00:00;900;0,1;10,25;0,0;készpénz
1751;2016-12-15 13:45:00;660;0,0;9,0;0,0;készpénz
7349;2016-12-16 07:15:00;0;0,0;8,25;4,0;bankkártya
5857;2016-12-03 02:00:00;540;0,0;8,0;0,0;készpénz
1472;2016-12-29 15:30:00;660;2,4;10,0;2,2;bankkártya
2845;2016-12-12 09:45:00;621;1,4;7,75;0,0;bankkártya
2932;2016-12-08 20:30:00;960;3,3;12,5;2,5;bankkártya
6562;2016-12-02 20:00:00;240;0,0;5,25;0,0;készpénz
1886;2016-12-31 11:30:00;480;1,2;7,25;0,0;készpénz
8749;2016-12-11 08:15:00;180;0,6;4,75;0,0;készpénz
7430;2016-12-08 14:30:00;7320;0,0;3,25;0,0;készpénz
733;2016-12-02 22:30:00;240;0,5;4,75;0,0;készpénz
7587;2016-12-31 01:30:00;780;5,9;17,5;0,0;bankkártya
3478;2016-12-18 19:45:00;720;2,11;10,0;0,0;készpénz
5631;2016-12-20 21:00:00;0;0,0;3,25;0,0;készpénz
3601;2016-12-09 11:15:00;360;0,1;9,25;0,0;készpénz
4254;2016-12-19 17:30:00;240;0,0;4,5;2,0;bankkártya
4128;2016-12-20 16:30:00;480;1,3;7,0;2,0;bankkártya
29;2016-12-08 00:15:00;300;0,0;6,0;0,0;készpénz
6115;2016-12-18 11:45:00;420;1,9;8,25;1,75;bankkártya
1742;2016-12-02 20:00:00;600;1,5;8,0;0,0;készpénz
0;2016-12-30 19:45:00;840;0,1;10,5;0,0;készpénz
3954;2016-12-31 14:45:00;240;0,3;4,75;0,0;készpénz
3824;2016-12-31 15:00:00;420;2,7;10,0;4,0;bankkártya
4855;2016-12-27 15:45:00;720;1,6;9,25;0,0;készpénz
3941;2016-12-20 20:00:00;2820;9,7;34,5;0,0;készpénz
2088;2016-12-09 04:45:00;480;1,6;7,75;0,0;készpénz
5901;2016-12-29 10:45:00;660;0,0;7,75;0,0;készpénz
827;2016-12-30 19:45:00;300;0,9;5,25;0,0;készpénz
2663;2016-12-16 13:15:00;11;0,0;3,25;0,0;készpénz
3147;2016-12-29 00:45:00;360;1,2;6,25;0,0;készpénz
76;2016-12-10 03:15:00;1440;10,9;28,25;8,05;bankkártya
1322;2016-12-02 23:15:00;600;0,0;8,0;2,0;bankkártya
5114;2016-12-01 09:30:00;420;0,0;6,0;2,0;bankkártya
6505;2016-12-10 07:45:00;600;2,9;10,5;0,0;készpénz
998;2016-12-14 11:45:00;325;0,68;5,5;2,0;bankkártya
304;2016-12-23 22:00:00;600;2,3;9,0;2,0;bankkártya
8200;2016-12-14 17:15:00;720;1,2;8,25;0,0;készpénz
7748;2016-12-04 20:15:00;180;0,0;5,5;1,0;bankkártya
5161;2016-12-27 21:45:00;720;2,6;10,25;0,0;készpénz
8154;2016-12-03 20:00:00;540;0,8;6,75;2,0;bankkártya
3018;2016-12-20 18:30:00;780;1,1;8,5;1,0;bankkártya
5825;2016-12-08 19:45:00;1440;3,9;15,25;0,0;készpénz
5243;2016-12-01 09:15:00;480;0,0;6,75;0,0;készpénz
6944;2016-12-01 18:45:00;1500;11,9;32,25;0,0;készpénz
8108;2016-12-01 15:00:00;300;0,9;5,75;2,0;bankkártya
6407;2016-12-19 15:15:00;180;0,0;4,75;0,0;készpénz
5540;2016-12-11 00:45:00;180;1,0;5,75;0,0;készpénz
5511;2016-12-16 09:15:00;900;1,4;9,75;0,0;készpénz
8210;2016-12-07 22:30:00;120;0,4;4,25;0,0;készpénz
1811;2016-12-26 13:00:00;360;0,0;6,75;2,0;bankkártya
8063;2016-12-02 12:15:00;300;0,4;5,0;0,0;készpénz
2742;2016-12-28 17:45:00;420;1,1;6,25;0,0;készpénz
5775;2016-12-25 23:30:00;1680;12,7;34,25;0,0;készpénz
6101;2016-12-22 12:15:00;0;0,0;3,25;0,0;készpénz
177;2016-12-13 13:30:00;173;0,8;5,0;0,0;készpénz
4287;2016-12-12 12:00:00;660;1,1;7,75;0,0;készpénz
1438;2016-12-09 11:30:00;300;0,9;6,0;2,0;bankkártya
5044;2016-12-01 17:15:00;1020;4,8;15,75;4,0;bankkártya
3567;2016-12-15 17:15:00;840;0,9;8,75;0,0;készpénz
3617;2016-12-16 10:00:00;420;0,8;6,25;0,0;készpénz
5408;2016-12-20 12:45:00;240;0,6;5,25;0,0;készpénz
4168;2016-12-06 17:15:00;480;0,8;6,25;1,5;bankkártya
3649;2016-12-31 00:30:00;420;0,0;7,0;0,0;készpénz
2271;2016-12-21 14:15:00;540;0,8;6,5;0,0;készpénz
4168;2016-12-02 13:15:00;1380;16,1;39,75;14,05;bankkártya
8491;2016-12-02 21:45:00;840;4,0;13,25;0,0;készpénz
3675;2016-12-10 06:00:00;1020;12,4;32,0;0,0;készpénz
8247;2016-12-09 02:30:00;1380;5,7;19,0;3,8;bankkártya
7701;2016-12-16 19:30:00;540;0,8;6,5;0,0;készpénz
5240;2016-12-04 00:15:00;480;2,5;9,75;2,25;bankkártya
5301;2016-12-29 12:00:00;300;0,7;5,25;0,0;készpénz
5143;2016-12-16 01:30:00;300;0,0;7,0;2,0;bankkártya
4532;2016-12-20 22:30:00;120;0,5;4,5;3,0;bankkártya
7150;2016-12-14 12:45:00;420;1,6;7,25;0,0;készpénz
8569;2016-12-08 16:30:00;660;1,8;8,5;0,0;készpénz
4494;2016-12-04 03:30:00;240;0,8;5,25;0,0;készpénz
5997;2016-12-14 15:15:00;840;1,5;9,0;0,0;készpénz
7356;2016-12-12 18:45:00;1260;3,1;13,25;2,65;bankkártya
6211;2016-12-04 13:45:00;540;0,9;7,25;3,0;bankkártya
6232;2016-12-13 12:45:00;300;0,7;5,5;0,0;készpénz
5937;2016-12-19 17:45:00;240;0,12;4,5;0,0;készpénz
1534;2016-12-10 17:00:00;960;2,3;10,75;0,0;készpénz
3175;2016-12-19 19:30:00;480;0,6;6,25;0,0;készpénz
6575;2016-12-12 14:45:00;960;2,7;11,0;2,0;bankkártya
5983;2016-12-21 00:15:00;540;4,3;13,5;0,0;készpénz
4790;2016-12-16 11:00:00;600;1,2;7,75;2,0;bankkártya
5677;2016-12-15 15:15:00;1680;5,5;18,75;4,0;bankkártya
4015;2016-12-14 18:00:00;1140;1,5;10,75;3,06;bankkártya
4029;2016-12-05 17:00:00;960;1,99;10,25;0,0;készpénz
5293;2016-12-12 22:15:00;240;1,2;6,25;3,0;bankkártya
3291;2016-12-22 14:00:00;420;1,0;6,25;3,0;bankkártya
1959;2016-12-21 08:15:00;600;1,7;8,5;2,0;bankkártya
8164;2016-12-27 13:00:00;120;0,3;4,0;0,0;készpénz
8634;2016-12-19 09:30:00;540;1,6;7,75;1,0;bankkártya
8414;2016-12-06 16:30:00;1647;10,82;29,75;0,0;készpénz
416;2016-12-21 09:00:00;780;1,7;9,5;1,5;bankkártya
6927;2016-12-21 14:45:00;600;1,1;7,75;0,0;készpénz
2828;2016-12-12 14:45:00;360;1,5;6,75;0,0;készpénz
6785;2016-12-07 10:30:00;300;0,7;5,5;2,0;bankkártya
1302;2016-12-19 18:15:00;1560;1,3;12,25;2,55;bankkártya
103;2016-12-29 19:00:00;360;1,0;6,25;1,75;bankkártya
7;2016-12-29 20:00:00;660;0,7;7,25;3,0;bankkártya
1852;2016-12-04 16:15:00;1380;0,1;13,0;2,8;bankkártya
6076;2016-12-31 01:30:00;480;0,1;8,0;2,0;bankkártya
6631;2016-12-22 19:30:00;540;0,9;6,75;0,0;készpénz
4958;2016-12-22 17:15:00;420;0,8;6,0;1,0;bankkártya
1586;2016-12-09 14:30:00;240;1,0;5,75;0,0;készpénz
2139;2016-12-09 10:45:00;0;0,1;3,25;0,0;készpénz
4443;2016-12-29 22:00:00;1440;7,7;22,5;0,0;készpénz
5579;2016-12-12 20:30:00;600;1,13;8,25;0,0;készpénz
1092;2016-12-21 21:00:00;1620;13,2;34,75;0,0;készpénz
8647;2016-12-17 19:30:00;960;5,7;17,0;0,0;készpénz
117;2016-12-15 23:15:00;480;2,3;8,75;0,0;készpénz
7860;2016-12-20 16:00:00;300;0,8;5,5;0,0;készpénz
5313;2016-12-09 19:00:00;960;2,2;10,5;0,0;készpénz
1552;2016-12-05 15:15:00;569;1,2;7,5;0,0;készpénz
6614;2016-12-28 20:30:00;2220;8,0;24,5;0,0;készpénz
5869;2016-12-27 20:00:00;1080;7,3;20,5;0,0;készpénz
8312;2016-12-23 09:30:00;180;0,5;4,5;0,0;készpénz
3027;2016-12-20 09:15:00;1320;3,3;13,75;2,0;bankkártya
8540;2016-12-03 13:45:00;1980;17,8;43,5;0,0;készpénz
5900;2016-12-13 18:00:00;780;0,9;7,75;0,0;készpénz
6429;2016-12-08 12:15:00;240;0,5;4,75;0,0;készpénz
1529;2016-12-21 13:45:00;420;1,9;7,75;0,0;készpénz
595;2016-12-05 18:45:00;240;0,9;5,5;0,0;készpénz
199;2016-12-18 02:15:00;360;1,3;6,25;0,0;készpénz
7210;2016-12-12 14:45:00;540;0,0;7,5;2,0;bankkártya
8630;2016-12-17 14:15:00;480;1,2;7,25;0,0;készpénz
1115;2016-12-08 09:15:00;900;1,2;8,75;3,0;bankkártya
4206;2016-12-20 19:45:00;360;1,0;6,25;2,0;bankkártya
7587;2016-12-15 10:30:00;780;1,0;8,0;2,0;bankkártya
4993;2016-12-28 15:00:00;660;1,6;8,5;0,0;készpénz
6597;2016-12-06 16:30:00;60;0,4;4,25;0,0;készpénz
7555;2016-12-07 19:15:00;840;3,4;12,75;0,0;készpénz
6858;2016-12-30 21:00:00;420;1,6;7,25;5,0;bankkártya
4143;2016-12-01 23:15:00;405;0,9;6,25;1,0;bankkártya
3206;2016-12-18 15:45:00;1020;3,0;12,25;0,0;készpénz
2916;2016-12-05 02:00:00;420;3,8;11,75;0,0;készpénz
977;2016-12-15 14:00:00;540;0,7;6,5;2,0;bankkártya
4737;2016-12-21 07:30:00;300;0,82;6,0;1,0;bankkártya
6806;2016-12-03 18:45:00;720;2,3;9,5;0,0;készpénz
2991;2016-12-16 08:15:00;184;0,18;4,25;0,0;készpénz
1671;2016-12-04 00:00:00;900;3,1;11,75;0,0;vitatott
7541;2016-12-10 11:30:00;300;0,0;5,5;0,0;készpénz
1234;2016-12-14 15:30:00;480;5,3;6,75;2,0;bankkártya
5054;2016-12-08 23:30:00;480;0,0;7,5;0,0;készpénz
3637;2016-12-04 19:15:00;300;0,0;5,5;0,0;készpénz
1243;2016-12-14 20:00:00;780;0,0;8,25;3,0;bankkártya
8289;2016-12-05 21:00:00;780;0,0;12,25;0,0;ingyenes
8564;2016-12-21 13:45:00;360;0,7;5,75;0,0;készpénz
2845;2016-12-16 13:45:00;957;1,92;10,0;2,7;bankkártya
7777;2016-12-27 12:00:00;960;2,8;11,5;0,0;készpénz
5659;2016-12-07 20:15:00;780;1,8;9,5;2,1;bankkártya
1274;2016-12-19 14:45:00;720;1,6;8,5;2,0;bankkártya
602;2016-12-20 23:15:00;1080;0,0;15,75;1,0;bankkártya
6426;2016-12-06 16:30:00;180;0,4;4,5;1,0;bankkártya
1564;2016-12-05 15:15:00;2460;18,0;45,5;0,0;készpénz
5704;2016-12-12 18:00:00;540;0,7;6,75;2,0;bankkártya
1901;2016-12-02 21:45:00;60;0,0;3,25;0,0;készpénz
1257;2016-12-02 23:15:00;420;1,8;7,75;0,0;készpénz
593;2016-12-01 00:00:00;540;1,9;8,75;0,0;készpénz
3877;2016-12-13 10:00:00;360;0,6;5,5;8,0;bankkártya
3216;2016-12-30 11:00:00;300;0,6;5,25;0,0;készpénz
1378;2016-12-19 19:00:00;660;1,8;8,75;0,0;készpénz
316;2016-12-27 22:15:00;600;3,4;11,5;0,0;készpénz
2745;2016-12-16 18:30:00;480;0,4;6,0;0,0;készpénz
1302;2016-12-09 00:30:00;300;1,0;6,0;0,0;készpénz
7112;2016-12-14 18:15:00;900;1,6;9,5;0,0;készpénz
7577;2016-12-05 16:45:00;3300;13,5;37,75;0,0;készpénz
6837;2016-12-02 12:45:00;2220;18,3;46,0;9,2;bankkártya
5175;2016-12-15 16:00:00;180;0,5;4,75;1,0;bankkártya
1942;2016-12-25 01:30:00;240;1,0;5,75;2,0;bankkártya
3026;2016-12-31 21:15:00;960;2,05;11,25;0,0;készpénz
2572;2016-12-08 18:30:00;900;1,6;9,25;2,0;bankkártya
5076;2016-12-07 20:45:00;1440;18,0;44,25;9,75;bankkártya
1106;2016-12-02 22:30:00;660;3,5;11,75;2,55;bankkártya
5828;2016-12-06 08:00:00;840;5,7;16,5;0,0;készpénz
7540;2016-12-03 18:15:00;600;1,1;7,75;2,0;bankkártya
4735;2016-12-10 20:15:00;300;0,8;5,5;0,0;készpénz
8082;2016-12-14 13:15:00;540;0,7;6,75;0,0;készpénz
1282;2016-12-10 02:45:00;300;3,5;11,0;2,2;bankkártya
2036;2016-12-21 09:45:00;480;1,3;7,25;3,0;bankkártya
6058;2016-12-19 08:45:00;4260;18,0;49,5;10,7;bankkártya
342;2016-12-16 16:45:00;840;1,0;8,75;0,0;készpénz
1261;2016-12-20 18:45:00;600;0,0;7,25;1,5;bankkártya
7456;2016-12-03 10:45:00;480;1,6;8,0;0,0;készpénz
2218;2016-12-22 18:15:00;1140;1,1;10,0;0,0;készpénz
5343;2016-12-23 00:00:00;480;2,5;9,25;2,0;bankkártya
2782;2016-12-09 20:30:00;960;0,2;14,0;0,0;készpénz
8630;2016-12-09 12:45:00;300;0,7;5,5;2,0;bankkártya
2768;2016-12-09 15:00:00;2880;1,1;48,25;10,45;bankkártya
3313;2016-12-10 12:30:00;120;0,2;4,25;0,0;készpénz
5538;2016-12-12 18:45:00;600;2,5;9,5;0,0;készpénz
2612;2016-12-09 08:30:00;360;0,0;5,75;0,0;készpénz
7888;2016-12-14 15:00:00;2580;17,8;44,75;8,95;bankkártya
1615;2016-12-04 02:30:00;660;0,1;10,75;0,0;készpénz
567;2016-12-16 13:15:00;600;1,2;7,75;4,0;bankkártya
8561;2016-12-13 12:30:00;360;1,0;6,0;0,0;készpénz
2796;2016-12-02 12:00:00;780;2,1;9,5;0,0;készpénz
5140;2016-12-17 17:30:00;540;1,1;7,0;0,0;készpénz
1163;2016-12-31 00:00:00;300;1,2;6,25;0,0;készpénz
3915;2016-12-13 12:15:00;180;0,6;4,75;0,0;készpénz
8414;2016-12-02 15:15:00;539;1,36;7,75;3,0;bankkártya
768;2016-12-12 18:00:00;120;0,5;4,5;1,0;bankkártya
6585;2016-12-01 15:00:00;3360;13,2;37,25;7,45;bankkártya
7776;2016-12-05 15:00:00;840;0,1;10,0;0,0;készpénz
7384;2016-12-02 08:30:00;300;0,6;5,0;0,0;készpénz
4488;2016-12-02 19:45:00;1140;8,9;25,0;0,0;bankkártya
4542;2016-12-12 09:45:00;540;1,8;8,0;0,0;készpénz
4213;2016-12-02 17:30:00;720;3,4;11,75;2,0;bankkártya
7451;2016-12-02 22:45:00;540;1,3;7,5;0,0;készpénz
4106;2016-12-17 09:00:00;420;0,0;8,25;0,0;készpénz
6200;2016-12-15 15:00:00;540;1,0;7,0;0,0;készpénz
2699;2016-12-23 14:15:00;420;1,3;7,0;0,0;készpénz
8640;2016-12-14 16:45:00;720;0,8;7,75;2,0;bankkártya
6544;2016-12-27 16:15:00;1020;0,0;12,0;0,0;készpénz
2992;2016-12-09 14:45:00;1740;2,3;15,75;0,0;készpénz
8200;2016-12-14 12:15:00;540;2,8;10,25;0,0;készpénz
8749;2016-12-22 18:45:00;1080;3,3;12,75;2,0;bankkártya
8682;2016-12-23 13:45:00;900;2,0;10,0;2,0;bankkártya
6401;2016-12-21 13:30:00;1200;3,1;13,25;0,0;készpénz
225;2016-12-06 22:45:00;180;0,3;4,5;0,0;bankkártya
6779;2016-12-11 22:15:00;540;0,1;10,0;2,2;bankkártya
2856;2016-12-20 08:45:00;240;0,9;5,5;0,0;készpénz
4951;2016-12-13 21:15:00;2362;31,57;75,25;15,0;bankkártya
6902;2016-12-30 22:30:00;180;0,0;4,25;0,0;készpénz
517;2016-12-03 22:00:00;60;0,2;3,75;0,0;készpénz
6853;2016-12-02 16:00:00;240;0,4;4,75;2,0;bankkártya
5301;2016-12-02 16:30:00;660;1,6;8,75;2,0;bankkártya
8273;2016-12-06 18:15:00;360;1,0;6,25;0,0;készpénz
4560;2016-12-30 00:15:00;180;0,0;5,0;0,0;ingyenes
7523;2016-12-15 08:45:00;1740;0,0;20,0;5,0;bankkártya
6985;2016-12-19 15:00:00;1140;0,1;11,5;0,0;bankkártya
6867;2016-12-10 16:45:00;600;1,0;7,0;0,0;készpénz
4664;2016-12-10 00:45:00;780;3,2;11,25;3,4;bankkártya
1381;2016-12-09 18:30:00;1200;1,6;11,0;2,0;bankkártya
456;2016-12-29 09:30:00;300;0,7;5,25;0,0;készpénz
5268;2016-12-29 18:15:00;480;1,1;7,0;0,0;készpénz
3465;2016-12-07 09:45:00;1020;0,0;11,0;2,2;bankkártya
6537;2016-12-18 02:00:00;360;1,2;6,5;1,35;bankkártya
4752;2016-12-10 12:45:00;1980;11,8;31,75;9,06;bankkártya
6196;2016-12-07 09:30:00;300;1,1;6,0;2,0;bankkártya
7651;2016-12-11 03:45:00;180;0,9;5,25;3,0;bankkártya
2884;2016-12-31 22:00:00;540;1,6;7,75;2,0;bankkártya
5138;2016-12-09 13:30:00;360;0,8;5,75;0,0;készpénz
6096;2016-12-24 23:15:00;660;2,7;10,5;3,0;bankkártya
4210;2016-12-14 07:30:00;120;0,7;5,0;0,0;készpénz
7629;2016-12-07 07:45:00;360;0,8;6,0;3,0;bankkártya
4832;2016-12-20 16:30:00;540;0,8;6,75;0,0;készpénz
7776;2016-12-17 16:00:00;780;0,0;8,5;3,0;bankkártya
3946;2016-12-31 00:15:00;420;3,1;10,5;0,0;készpénz
1314;2016-12-29 15:45:00;180;0,5;4,75;0,0;készpénz
2022;2016-12-23 12:00:00;660;2,3;9,75;2,0;bankkártya
5025;2016-12-13 13:30:00;720;0,1;9,0;3,0;bankkártya
5787;2016-12-24 11:30:00;540;1,1;7,25;0,0;készpénz
8588;2016-12-01 23:15:00;1500;0,9;38,5;0,0;készpénz
6923;2016-12-31 17:00:00;0;0,0;3,25;0,0;készpénz
4880;2016-12-01 12:00:00;660;5,3;16,25;2,0;bankkártya
5655;2016-12-04 10:45:00;498;1,86;8,25;0,0;készpénz
2330;2016-12-06 09:00:00;360;0,0;5,5;0,0;készpénz
1905;2016-12-01 07:30:00;540;1,2;7,5;0,0;készpénz
8264;2016-12-04 18:15:00;2700;17,8;44,5;0,0;készpénz
3296;2016-12-16 13:30:00;480;1,3;6,75;1,01;bankkártya
6861;2016-12-08 13:15:00;600;2,43;10,0;3,0;bankkártya
506;2016-12-12 19:15:00;0;0,0;3,25;0,0;készpénz
2003;2016-12-13 16:45:00;420;1,1;7,0;0,0;készpénz
3931;2016-12-10 17:00:00;660;1,6;8,5;2,0;bankkártya
5948;2016-12-01 14:00:00;600;0,7;7,0;0,0;készpénz
1842;2016-12-27 18:15:00;660;5,4;16,25;0,0;készpénz
2221;2016-12-23 05:00:00;1440;16,14;40,5;6,08;bankkártya
8634;2016-12-28 16:00:00;240;0,5;5,0;0,0;készpénz
1257;2016-12-06 16:45:00;300;0,9;6,0;2,0;bankkártya
7528;2016-12-11 00:30:00;660;0,0;10,25;0,0;készpénz
1563;2016-12-09 20:45:00;780;0,0;12,75;0,0;készpénz
8630;2016-12-22 17:15:00;780;1,5;9,0;2,0;bankkártya
7861;2016-12-07 18:45:00;780;1,8;9,0;0,0;készpénz
8630;2016-12-21 10:00:00;240;0,3;4,75;1,75;bankkártya
5813;2016-12-15 09:45:00;431;1,02;6,5;0,0;készpénz
6185;2016-12-15 12:00:00;780;1,9;9,5;0,0;készpénz
5894;2016-12-17 18:45:00;720;3,5;12,0;2,4;bankkártya
1079;2016-12-09 20:30:00;588;2,07;8,5;2,0;bankkártya
3428;2016-12-02 19:30:00;540;1,4;7,5;2,0;bankkártya
376;2016-12-12 19:00:00;480;0,0;6,25;0,0;készpénz
7556;2016-12-22 10:00:00;0;0,0;3,25;0,0;készpénz
4832;2016-12-30 21:45:00;540;1,5;7,75;0,0;készpénz
1981;2016-12-07 13:45:00;240;0,3;4,5;0,0;készpénz
5130;2016-12-29 21:00:00;540;0,0;7,25;0,0;készpénz
2251;2016-12-27 15:15:00;180;0,6;4,75;0,0;készpénz
8392;2016-12-09 12:15:00;420;1,5;7,5;2,0;bankkártya
1521;2016-12-06 12:15:00;240;0,4;4,75;0,0;készpénz
7589;2016-12-22 17:30:00;480;1,2;6,75;2,0;bankkártya
8316;2016-12-02 13:30:00;360;0,5;5,5;0,0;készpénz
5997;2016-12-09 09:45:00;420;1,0;6,25;0,0;készpénz
3595;2016-12-19 11:00:00;120;0,1;4,0;0,0;készpénz
4425;2016-12-11 23:00:00;60;0,4;4,25;0,0;készpénz
279;2016-12-09 20:00:00;300;0,0;5,25;2,0;bankkártya
218;2016-12-12 19:45:00;840;3,5;12,25;2,45;bankkártya
6553;2016-12-09 08:15:00;2580;10,1;29,5;0,0;készpénz
6611;2016-12-06 19:45:00;420;1,0;6,5;3,0;bankkártya
7766;2016-12-20 14:45:00;420;0,7;5,5;0,0;készpénz
8048;2016-12-01 18:30:00;780;0,7;7,75;0,0;készpénz
404;2016-12-28 20:00:00;1740;1,0;41,75;0,0;bankkártya
6353;2016-12-08 08:15:00;720;0,0;9,0;0,0;készpénz
7257;2016-12-30 14:45:00;660;1,3;7,5;0,0;készpénz
6120;2016-12-13 12:15:00;660;1,3;8,0;0,0;készpénz
5573;2016-12-03 03:00:00;1500;2,6;10,25;0,0;készpénz
3453;2016-12-07 19:45:00;60;0,0;3,25;0,0;készpénz
8758;2016-12-09 16:45:00;2700;17,0;44,75;10,95;bankkártya
2670;2016-12-18 11:15:00;360;0,9;6,0;0,0;készpénz
4026;2016-12-09 18:30:00;480;1,0;6,75;2,0;bankkártya
5384;2016-12-22 02:15:00;240;0,8;5,5;0,0;készpénz
5921;2016-12-06 17:00:00;589;0,87;7,0;2,0;bankkártya
8407;2016-12-02 08:00:00;600;1,1;8,0;3,0;bankkártya
7210;2016-12-13 14:30:00;720;0,0;8,0;0,0;készpénz
6353;2016-12-14 16:30:00;0;0,0;3,25;3,0;bankkártya
1669;2016-12-23 13:00:00;120;0,4;4,5;0,0;készpénz
4432;2016-12-01 11:30:00;900;1,7;9,75;2,0;bankkártya
4433;2016-12-17 19:45:00;420;0,6;5,5;0,0;készpénz
6898;2016-12-03 19:00:00;1980;0,0;16,5;0,0;készpénz
5243;2016-12-29 12:15:00;1380;0,0;26,5;0,0;készpénz
8496;2016-12-22 15:00:00;720;1,1;8,0;0,0;készpénz
5983;2016-12-01 13:45:00;480;1,0;6,5;0,0;készpénz
4694;2016-12-01 20:00:00;180;0,5;4,5;3,0;bankkártya
5899;2016-12-14 22:45:00;180;0,6;5,0;1,0;bankkártya
3473;2016-12-03 19:15:00;480;0,8;6,5;0,0;készpénz
5475;2016-12-29 22:30:00;720;0,1;11,0;0,0;készpénz
5827;2016-12-20 20:00:00;540;2,4;9,75;0,0;készpénz
7323;2016-12-03 20:45:00;540;1,3;7,25;0,0;készpénz
5112;2016-12-08 13:00:00;300;1,2;6,75;3,0;bankkártya
323;2016-12-01 01:15:00;300;1,3;6,75;0,0;készpénz
5730;2016-12-08 18:45:00;1020;5,8;18,0;4,62;bankkártya
469;2016-12-02 21:15:00;1320;12,2;31,75;0,0;készpénz
8396;2016-12-13 18:00:00;720;1,6;8,5;3,0;bankkártya
7173;2016-12-23 15:00:00;600;1,3;7,5;2,0;bankkártya
4586;2016-12-13 01:45:00;240;1,1;6,0;0,0;készpénz
4216;2016-12-17 12:45:00;1020;3,0;12,0;0,0;készpénz
8147;2016-12-15 11:45:00;540;0,98;7,25;0,0;készpénz
6451;2016-12-18 14:00:00;600;1,9;8,75;2,55;bankkártya
8315;2016-12-31 01:15:00;480;4,1;12,5;0,0;készpénz
7513;2016-12-07 13:15:00;660;2,2;9,75;0,0;készpénz
5829;2016-12-09 16:45:00;360;0,0;5,25;0,0;készpénz
3173;2016-12-09 18:15:00;1380;2,15;13,75;2,85;bankkártya
8414;2016-12-23 18:15:00;180;0,59;4,75;0,0;készpénz
6562;2016-12-17 16:45:00;360;0,0;5,75;0,0;készpénz
7782;2016-12-11 14:45:00;540;0,8;7,0;3,0;bankkártya
7546;2016-12-03 09:00:00;0;0,0;3,25;0,0;készpénz
7330;2016-12-14 11:45:00;540;1,3;7,5;2,0;bankkártya
8626;2016-12-15 02:45:00;180;0,6;4,75;0,0;készpénz
1989;2016-12-20 16:45:00;300;0,0;5,75;0,0;készpénz
7471;2016-12-20 11:30:00;720;3,62;12,5;2,6;bankkártya
1164;2016-12-15 22:15:00;360;0,0;6,75;2,0;bankkártya
1095;2016-12-20 22:30:00;840;3,7;12,5;2,9;bankkártya
6877;2016-12-08 21:00:00;120;0,3;4,0;2,0;bankkártya
8613;2016-12-13 19:15:00;900;2,7;11,5;3,0;bankkártya
5138;2016-12-08 09:15:00;780;2,4;10,25;0,0;készpénz
5472;2016-12-11 17:45:00;360;0,0;6,75;1,0;bankkártya
920;2016-12-28 19:00:00;960;4,5;14,5;0,0;készpénz
3458;2016-12-31 22:00:00;1800;22,9;55,75;0,0;készpénz
5863;2016-12-03 22:15:00;1020;5,1;16,25;3,25;bankkártya
5548;2016-12-12 18:45:00;660;0,5;7,25;0,0;készpénz
760;2016-12-14 13:45:00;60;0,0;4,0;0,0;készpénz
4710;2016-12-10 19:00:00;1140;4,4;16,0;0,0;készpénz
7355;2016-12-12 17:45:00;1080;0,2;15,0;3,0;bankkártya
3267;2016-12-06 17:45:00;420;0,0;6,25;2,0;bankkártya
1265;2016-12-21 21:30:00;480;1,7;7,75;2,0;bankkártya
4761;2016-12-20 13:45:00;480;1,3;7,0;0,0;készpénz
770;2016-12-15 23:30:00;360;1,2;6,5;0,0;készpénz
1684;2016-12-12 18:15:00;480;1,7;8,0;2,0;bankkártya
7196;2016-12-15 17:00:00;835;1,1;8,5;0,0;készpénz
8565;2016-12-16 17:45:00;600;1,4;7,5;0,0;készpénz
8407;2016-12-05 23:45:00;360;1,28;7,0;0,0;készpénz
7307;2016-12-10 19:15:00;360;0,61;5,5;0,0;készpénz
8384;2016-12-20 09:15:00;1320;2,7;13,5;1,0;bankkártya
6095;2016-12-22 11:30:00;360;1,1;6,25;0,0;készpénz
4659;2016-12-29 13:45:00;2100;17,5;43,25;9,75;bankkártya
7373;2016-12-10 13:30:00;780;1,8;10,0;0,0;készpénz
3099;2016-12-20 12:00:00;600;1,18;7,25;0,0;bankkártya
8586;2016-12-22 09:15:00;840;0,3;15,0;0,0;készpénz
3214;2016-12-20 12:15:00;420;1,1;6,75;0,0;készpénz
6151;2016-12-01 22:45:00;720;7,4;20,5;0,0;készpénz
686;2016-12-04 14:30:00;120;0,0;4,0;1,0;bankkártya
4246;2016-12-19 00:45:00;480;1,4;7,25;1,0;bankkártya
1746;2016-12-16 19:15:00;540;0,7;6,5;2,0;bankkártya
6691;2016-12-10 12:45:00;420;1,2;7,0;1,6;bankkártya
5885;2016-12-15 11:15:00;1740;13,9;36,5;7,9;bankkártya
1284;2016-12-10 18:15:00;840;1,4;9,0;0,0;készpénz
1877;2016-12-31 08:00:00;0;0,0;34,0;10,0;bankkártya
4198;2016-12-08 21:00:00;2220;17,9;44,25;0,0;készpénz
2640;2016-12-04 14:00:00;960;0,4;18,5;4,6;bankkártya
7284;2016-12-10 18:15:00;240;0,3;4,75;0,0;készpénz
7092;2016-12-14 17:15:00;780;0,0;9,0;2,0;bankkártya
5680;2016-12-15 17:30:00;420;1,7;7,5;2,0;bankkártya
2534;2016-12-21 09:00:00;360;1,2;6,25;2,0;bankkártya
6871;2016-12-10 01:30:00;1020;3,9;13,5;3,0;bankkártya
532;2016-12-30 15:30:00;840;1,8;10,0;2,0;bankkártya
8344;2016-12-06 21:15:00;240;0,6;5,0;0,0;készpénz
6008;2016-12-09 07:45:00;300;0,78;5,5;0,0;készpénz
6038;2016-12-22 16:15:00;2280;8,3;26,0;0,0;készpénz
2833;2016-12-01 10:45:00;780;2,0;9,75;0,0;készpénz
4374;2016-12-02 08:15:00;2051;3,79;17,5;2,0;bankkártya
7452;2016-12-31 11:45:00;1560;23,3;55,75;15,0;bankkártya
1589;2016-12-23 10:45:00;600;1,7;8,5;3,0;bankkártya
1959;2016-12-16 21:15:00;300;1,1;6,0;0,0;készpénz
8279;2016-12-16 14:30:00;0;0,0;3,25;0,0;készpénz
3179;2016-12-03 14:00:00;240;0,9;5,5;0,0;készpénz
1385;2016-12-15 17:45:00;480;1,6;7,5;0,0;készpénz
4316;2016-12-17 14:15:00;900;2,5;10,75;0,0;készpénz
2500;2016-12-12 20:00:00;480;1,6;7,5;0,0;készpénz
4762;2016-12-16 11:30:00;480;1,6;8,25;0,0;készpénz
6837;2016-12-15 16:30:00;2220;10,9;30,25;6,25;bankkártya
7727;2016-12-07 16:30:00;360;1,0;6,0;0,0;készpénz
5349;2016-12-06 23:30:00;300;1,2;6,25;0,0;készpénz
7375;2016-12-20 15:45:00;480;0,0;6,25;0,0;készpénz
7663;2016-12-06 19:45:00;376;0,71;5,75;0,0;készpénz
8709;2016-12-03 08:30:00;180;0,0;5,25;0,0;készpénz
2235;2016-12-12 15:30:00;2280;17,0;42,25;9,25;bankkártya
6072;2016-12-10 17:00:00;1380;3,57;14,0;2,9;bankkártya
6577;2016-12-22 16:30:00;2340;4,7;20,75;0,0;bankkártya
233;2016-12-11 07:00:00;0;0,0;3,25;0,0;készpénz
92;2016-12-08 23:15:00;300;0,8;5,25;0,0;készpénz
6717;2016-12-02 00:00:00;660;4,0;13,0;2,6;bankkártya
422;2016-12-13 14:00:00;180;0,3;4,25;0,0;készpénz
3876;2016-12-17 15:00:00;720;5,1;15,25;3,95;bankkártya
8759;2016-12-05 22:45:00;0;0,0;52,0;0,0;bankkártya
50;2016-12-08 21:30:00;840;0,1;9,75;0,0;készpénz
3264;2016-12-07 14:45:00;960;2,9;11,75;0,0;készpénz
6989;2016-12-19 14:45:00;300;0,0;5,25;0,0;készpénz
54;2016-12-27 14:30:00;780;2,4;10,0;0,0;készpénz
7;2016-12-29 19:00:00;360;1,3;6,25;0,0;készpénz
2240;2016-12-28 17:30:00;540;0,0;7,0;0,0;készpénz
7029;2016-12-09 16:15:00;1020;3,7;13,25;0,0;készpénz
3882;2016-12-16 22:45:00;2100;23,2;56,5;0,0;készpénz
4458;2016-12-14 05:30:00;420;1,5;7,5;0,0;készpénz
1058;2016-12-08 21:15:00;300;1,3;6,5;2,0;bankkártya
2337;2016-12-25 20:30:00;300;0,9;6,0;0,0;bankkártya
2147;2016-12-24 09:30:00;1620;25,2;60,25;15,3;bankkártya
6713;2016-12-01 09:00:00;300;0,9;5,75;0,0;készpénz
4638;2016-12-31 22:45:00;2400;0,0;44,0;11,25;bankkártya
7400;2016-12-16 10:45:00;611;1,36;7,5;0,0;készpénz
4763;2016-12-30 03:00:00;540;2,1;8,75;2,15;bankkártya
1596;2016-12-29 16:45:00;360;0,9;6,25;2,0;bankkártya
5343;2016-12-11 22:15:00;420;1,2;7,0;0,0;készpénz
284;2016-12-17 22:45:00;600;1,2;7,25;0,0;készpénz
6074;2016-12-02 08:45:00;420;1,6;6,0;2,0;bankkártya
68;2016-12-19 18:15:00;2220;4,1;19,75;0,0;készpénz
6482;2016-12-28 14:30:00;780;1,63;9,0;2,0;bankkártya
8159;2016-12-18 16:30:00;660;3,5;11,75;0,0;bankkártya
4106;2016-12-10 16:45:00;660;0,0;7,5;2,0;bankkártya
7171;2016-12-19 09:00:00;300;0,7;5,5;2,0;bankkártya
2953;2016-12-11 05:45:00;720;0,4;21,5;0,0;készpénz
8657;2016-12-09 22:00:00;720;1,61;8,75;0,0;készpénz
8149;2016-12-07 13:45:00;240;0,8;5,5;0,0;készpénz
3232;2016-12-06 09:00:00;2460;16,4;41,0;0,0;ingyenes
1964;2016-12-01 22:00:00;1020;6,4;19,0;0,0;bankkártya
3400;2016-12-25 06:30:00;1320;18,3;44,75;11,43;bankkártya
920;2016-12-20 16:45:00;240;0,6;5,25;2,0;bankkártya
4460;2016-12-04 17:30:00;2880;17,0;43,75;0,0;bankkártya
3454;2016-12-16 08:30:00;360;1,2;6,5;2,0;bankkártya
5310;2016-12-06 21:45:00;1200;12,4;32,0;9,0;bankkártya
4846;2016-12-02 11:45:00;1800;17,2;44,25;9,65;bankkártya
4886;2016-12-28 16:45:00;540;1,4;7,5;0,0;készpénz
6075;2016-12-30 03:30:00;960;6,2;18,5;0,0;készpénz
6343;2016-12-26 11:00:00;0;0,0;3,25;0,0;készpénz
554;2016-12-01 13:00:00;1020;3,0;13,0;0,0;készpénz
4494;2016-12-14 00:00:00;420;1,9;8,0;0,0;készpénz
3594;2016-12-23 15:30:00;2400;0,0;23,5;0,0;készpénz
6792;2016-12-10 00:45:00;420;1,9;7,75;0,0;készpénz
7374;2016-12-11 11:00:00;480;1,49;7,75;0,0;készpénz
4026;2016-12-30 21:15:00;540;0,5;6,75;4,0;bankkártya
6673;2016-12-13 16:15:00;1620;13,4;34,75;6,0;bankkártya
7622;2016-12-28 15:45:00;900;0,0;12,75;0,0;készpénz
5110;2016-12-11 19:00:00;240;0,6;4,75;0,0;készpénz
6419;2016-12-23 19:30:00;1560;6,5;20,5;0,0;készpénz
4702;2016-12-06 15:00:00;360;0,0;6,25;1,0;bankkártya
3181;2016-12-18 19:45:00;540;3,5;11,5;3,0;bankkártya
1559;2016-12-24 10:45:00;660;2,4;9,75;0,0;készpénz
390;2016-12-20 23:45:00;1560;18,1;44,5;9,8;bankkártya
1521;2016-12-03 22:00:00;600;3,2;11,0;0,0;készpénz
4860;2016-12-15 19:00:00;360;0,3;5,25;1,0;bankkártya
5180;2016-12-27 23:45:00;1080;8,1;22,25;5,8;bankkártya
1115;2016-12-29 18:30:00;1380;8,2;23,75;0,0;bankkártya
5628;2016-12-03 00:30:00;420;0,0;6,75;0,0;készpénz
1261;2016-12-30 21:00:00;480;0,0;7,75;2,0;bankkártya
3501;2016-12-23 19:45:00;600;4,39;13,25;2,75;bankkártya
7554;2016-12-01 00:00:00;0;0,0;14,25;3,0;bankkártya
1383;2016-12-17 12:30:00;240;0,0;6,0;2,0;bankkártya
3876;2016-12-09 18:15:00;1020;2,3;11,25;0,0;készpénz
3620;2016-12-02 18:45:00;960;1,8;10,25;0,0;készpénz
1631;2016-12-21 15:15:00;480;2,0;8,5;0,0;készpénz
8652;2016-12-20 13:45:00;360;0,5;5,5;2,0;bankkártya
3741;2016-12-10 01:00:00;420;0,8;6,5;0,0;készpénz
8728;2016-12-28 00:30:00;1440;14,5;36,75;8,15;bankkártya
2697;2016-12-03 21:45:00;180;0,0;4,0;0,0;készpénz
2324;2016-12-26 00:00:00;0;0,0;8,5;2,0;bankkártya
261;2016-12-23 17:30:00;480;0,9;6,5;2,0;bankkártya
4715;2016-12-12 07:45:00;1200;6,2;17,5;3,6;bankkártya
6298;2016-12-05 15:30:00;2700;17,5;44,25;9,75;bankkártya
7356;2016-12-07 18:45:00;660;1,7;8,5;0,0;készpénz
4284;2016-12-15 23:15:00;780;3,1;11,25;2,25;bankkártya
2214;2016-12-24 19:45:00;480;1,3;7,0;5,0;bankkártya
1305;2016-12-12 19:00:00;840;1,9;9,75;0,0;készpénz
807;2016-12-17 02:45:00;900;2,56;11,25;0,0;készpénz
2696;2016-12-19 09:45:00;180;0,5;4,25;0,0;készpénz
4702;2016-12-07 17:00:00;540;0,0;7,25;0,0;készpénz
6131;2016-12-17 16:30:00;360;1,1;6,25;0,0;készpénz
2802;2016-12-22 06:15:00;480;2,0;8,75;3,0;bankkártya
2805;2016-12-31 00:15:00;720;0,5;7,5;4,0;bankkártya
5659;2016-12-01 12:45:00;840;6,3;18,75;0,0;készpénz
4219;2016-12-12 18:00:00;529;0,99;7,0;0,0;készpénz
4659;2016-12-19 15:45:00;600;1,5;8,25;0,0;készpénz
6317;2016-12-14 09:45:00;420;0,0;6,75;2,0;bankkártya
2890;2016-12-17 17:30:00;720;2,1;9,25;1,0;bankkártya
3058;2016-12-23 13:15:00;180;0,6;5,0;0,0;készpénz
4612;2016-12-18 11:45:00;180;1,2;6,5;0,0;készpénz
2418;2016-12-19 10:30:00;720;2,7;10,5;2,0;bankkártya
8232;2016-12-16 22:00:00;1140;0,0;14,0;0,0;készpénz
6;2016-12-16 23:30:00;840;0,0;20,5;5,35;bankkártya
5523;2016-12-15 16:15:00;780;1,6;7,75;0,0;készpénz
8193;2016-12-22 14:45:00;780;0,0;8,0;2,0;bankkártya
8709;2016-12-08 12:00:00;420;0,0;6,0;2,0;bankkártya
4446;2016-12-01 02:00:00;1740;17,4;43,5;9,5;bankkártya
3373;2016-12-14 12:15:00;360;0,6;5,5;2,0;bankkártya
3235;2016-12-22 17:00:00;660;0,8;7,5;0,0;készpénz
841;2016-12-03 02:00:00;840;3,0;11,75;0,0;készpénz
3581;2016-12-23 13:00:00;660;1,2;8,0;0,0;készpénz
6524;2016-12-19 16:30:00;1080;1,9;11,25;0,0;készpénz
2053;2016-12-30 14:45:00;120;0,6;4,5;1,35;bankkártya
7536;2016-12-06 18:30:00;960;0,1;10,0;0,0;készpénz
4020;2016-12-02 17:15:00;540;0,6;6,5;0,0;készpénz
524;2016-12-16 07:15:00;1800;18,1;44,5;4,0;bankkártya
4029;2016-12-22 20:45:00;720;4,09;13,5;0,0;készpénz
739;2016-12-17 18:30:00;960;1,5;9,5;2,75;bankkártya
5848;2016-12-29 03:00:00;120;0,6;4,75;0,0;készpénz
2607;2016-12-08 21:15:00;660;0,0;8,0;0,0;készpénz
7340;2016-12-02 22:45:00;1380;6,9;20,5;0,0;bankkártya
7596;2016-12-22 13:45:00;960;1,6;9,5;2,1;bankkártya
904;2016-12-29 17:30:00;420;2,0;8,5;0,0;készpénz
2560;2016-12-20 19:00:00;4740;12,7;40,5;0,0;készpénz
1979;2016-12-14 07:15:00;120;0,6;4,75;2,0;bankkártya
2698;2016-12-29 11:30:00;0;0,0;14,0;0,0;bankkártya
1319;2016-12-04 19:30:00;600;0,0;8,0;0,0;készpénz
8482;2016-12-03 09:00:00;780;3,5;12,0;3,0;bankkártya
1420;2016-12-02 13:45:00;360;0,7;5,75;0,0;készpénz
3523;2016-12-15 14:30:00;300;0,7;5,5;2,0;bankkártya
6259;2016-12-16 11:15:00;1680;6,5;20,75;3,0;bankkártya
4946;2016-12-19 23:15:00;360;1,1;6,25;0,0;készpénz
1401;2016-12-29 18:15:00;600;2,9;10,5;0,0;készpénz
5812;2016-12-10 23:00:00;480;0,0;6,75;0,0;készpénz
8166;2016-12-07 17:45:00;690;2,14;9,25;1,0;bankkártya
5390;2016-12-22 00:00:00;1320;14,8;37,25;0,0;készpénz
4060;2016-12-02 12:30:00;420;0,8;6,25;0,0;készpénz
274;2016-12-09 22:15:00;420;0,8;6,25;1,0;bankkártya
4252;2016-12-03 15:30:00;360;1,5;7,0;0,0;készpénz
5400;2016-12-02 09:30:00;780;0,0;9,25;0,0;készpénz
3657;2016-12-14 15:45:00;780;3,1;11,75;0,0;készpénz
2297;2016-12-29 10:45:00;660;0,1;9,0;1,25;bankkártya
8397;2016-12-13 21:45:00;1441;7,54;21,5;4,6;bankkártya
3721;2016-12-19 14:15:00;720;0,0;9,5;0,0;készpénz
4325;2016-12-29 09:00:00;1020;0,0;24,75;2,0;bankkártya
4142;2016-12-10 18:30:00;420;1,2;7,0;0,0;bankkártya
8262;2016-12-03 13:45:00;360;1,2;6,75;0,0;készpénz
93;2016-12-28 15:15:00;240;0,7;5,25;0,0;készpénz
4303;2016-12-17 11:30:00;780;2,1;9,75;0,0;készpénz
5993;2016-12-10 20:15:00;360;0,6;5,5;4,0;bankkártya
4466;2016-12-17 04:15:00;0;0,0;20,0;0,0;bankkártya
6042;2016-12-14 11:15:00;360;0,6;5,5;1,0;bankkártya
7748;2016-12-14 18:00:00;1020;0,0;9,5;2,0;bankkártya
7531;2016-12-24 01:15:00;360;0,0;6,5;0,0;készpénz
2088;2016-12-14 18:45:00;720;1,5;8,5;0,0;készpénz
7545;2016-12-14 13:15:00;360;0,7;5,75;0,0;készpénz
3886;2016-12-19 22:45:00;240;1,0;5,75;2,0;bankkártya
4089;2016-12-08 07:30:00;480;1,3;7,25;0,0;készpénz
4205;2016-12-05 10:30:00;1740;2,15;16,0;0,0;készpénz
8031;2016-12-30 21:00:00;840;0,0;11,5;2,3;bankkártya
6830;2016-12-28 08:00:00;540;2,2;9,0;0,0;készpénz
4723;2016-12-01 12:15:00;0;0,0;3,25;0,0;készpénz
4954;2016-12-08 12:45:00;360;0,0;6,0;0,0;készpénz
3506;2016-12-10 00:00:00;600;1,2;7,75;0,0;készpénz
7323;2016-12-17 01:15:00;660;2,4;9,75;2,65;bankkártya
3691;2016-12-06 18:30:00;720;3,2;11,25;0,0;készpénz
8718;2016-12-19 14:30:00;1080;2,8;12,0;2,4;bankkártya
1762;2016-12-10 08:30:00;10;0,06;3,25;0,0;készpénz
6943;2016-12-20 18:45:00;480;1,3;7,0;2,0;bankkártya
8534;2016-12-16 23:00:00;416;2,58;9,25;1,0;bankkártya
7396;2016-12-17 08:30:00;420;1,4;7,0;0,0;készpénz
2796;2016-12-10 13:15:00;1980;16,3;41,0;8,2;bankkártya
1147;2016-12-21 10:30:00;540;1,1;7,5;0,0;készpénz
6596;2016-12-14 13:45:00;600;1,2;7,75;2,0;bankkártya
6043;2016-12-01 15:15:00;600;1,1;7,75;2,5;bankkártya
625;2016-12-11 05:00:00;1500;0,0;45,25;13,55;bankkártya
1152;2016-12-13 14:15:00;540;0,0;6,75;0,0;készpénz
935;2016-12-14 19:30:00;1860;0,7;34,5;7,7;bankkártya
3793;2016-12-03 20:00:00;1200;0,0;13,75;0,0;készpénz
1654;2016-12-03 12:30:00;840;2,8;10,75;2,0;bankkártya
3773;2016-12-19 14:30:00;480;0,0;6,5;0,0;készpénz
4997;2016-12-18 17:00:00;540;2,2;9,0;3,0;bankkártya
4114;2016-12-13 14:15:00;396;1,24;6,5;2,0;bankkártya
3909;2016-12-05 23:00:00;2280;30,01;71,25;0,0;bankkártya
3750;2016-12-15 11:00:00;720;1,5;8,75;0,0;készpénz
4111;2016-12-08 11:15:00;480;0,0;6,5;2,0;bankkártya
5519;2016-12-16 06:30:00;274;1,03;5,75;0,0;készpénz
5496;2016-12-06 12:45:00;720;1,7;8,75;1,0;bankkártya
1462;2016-12-07 19:15:00;360;0,9;6,25;0,0;készpénz
1409;2016-12-09 19:30:00;120;0,5;4,5;0,0;készpénz
4229;2016-12-08 14:15:00;720;2,0;9,25;0,0;készpénz
827;2016-12-10 07:15:00;480;1,6;7,75;0,0;készpénz
5548;2016-12-08 17:30:00;540;1,9;8,75;0,0;készpénz
6922;2016-12-17 14:15:00;840;2,6;11,0;3,0;bankkártya
318;2016-12-09 10:45:00;540;1,2;7,25;3,0;bankkártya
1482;2016-12-22 17:45:00;300;0,0;5,5;0,0;készpénz
3728;2016-12-22 12:00:00;480;0,7;6,25;2,0;bankkártya
1381;2016-12-03 01:15:00;600;2,6;9,75;0,0;készpénz
1521;2016-12-08 20:00:00;1440;2,9;14,0;3,5;bankkártya
3350;2016-12-14 02:15:00;120;0,3;4,25;1,0;bankkártya
2633;2016-12-19 11:15:00;360;1,0;6,5;0,0;készpénz
6824;2016-12-08 15:15:00;2220;12,7;33,0;6,0;bankkártya
4584;2016-12-13 07:45:00;780;1,7;9,0;0,0;készpénz
1265;2016-12-02 16:30:00;180;0,5;4,75;0,0;készpénz
4559;2016-12-07 13:15:00;420;0,8;6,25;0,0;készpénz
6407;2016-12-13 14:30:00;480;0,0;7,25;2,0;bankkártya
716;2016-12-14 14:30:00;900;5,1;15,5;0,0;készpénz
2206;2016-12-23 09:30:00;300;0,6;5,25;1,0;bankkártya
1445;2016-12-30 11:45:00;1500;16,7;42,25;0,0;készpénz
8482;2016-12-06 09:15:00;360;0,8;6,0;0,0;készpénz
2888;2016-12-13 17:15:00;1620;0,0;16,25;0,0;készpénz
521;2016-12-12 12:15:00;420;1,0;6,25;0,0;készpénz
7033;2016-12-19 14:45:00;540;1,3;7,5;2,0;bankkártya
59;2016-12-10 14:45:00;300;1,4;7,0;0,0;készpénz
7750;2016-12-21 08:00:00;1200;6,3;18,5;0,0;készpénz
306;2016-12-16 18:00:00;420;0,5;5,5;3,0;bankkártya
8649;2016-12-30 20:45:00;2460;15,6;41,25;0,0;készpénz
2693;2016-12-03 18:15:00;297;1,19;6,25;0,0;készpénz
4005;2016-12-12 21:30:00;540;1,5;7,75;0,0;készpénz
1898;2016-12-19 14:15:00;480;0,1;8,25;0,0;készpénz
515;2016-12-22 23:45:00;1320;3,8;15,0;2,0;bankkártya
266;2016-12-01 22:45:00;480;2,1;8,5;3,0;bankkártya
2605;2016-12-07 08:30:00;1260;5,7;17,75;0,0;készpénz
1221;2016-12-14 10:45:00;600;1,4;8,0;0,0;készpénz
5139;2016-12-02 03:45:00;300;1,6;7,25;0,0;készpénz
1051;2016-12-22 20:45:00;840;4,1;13,75;0,0;készpénz
8569;2016-12-28 22:15:00;240;1,0;5,5;3,0;bankkártya
629;2016-12-16 15:45:00;1200;0,0;13,5;0,0;készpénz
2221;2016-12-11 15:30:00;1080;3,37;12,0;2,5;bankkártya
3480;2016-12-16 08:45:00;360;1,1;6,25;1,88;bankkártya
3736;2016-12-16 03:30:00;180;0,8;5,0;2,0;bankkártya
5901;2016-12-05 06:45:00;660;0,0;13,75;3,4;bankkártya
6766;2016-12-19 20:00:00;240;0,9;5,75;2,0;bankkártya
5813;2016-12-01 18:45:00;1440;2,74;13,75;0,0;készpénz
242;2016-12-09 17:45:00;540;1,5;7,5;0,0;készpénz
3479;2016-12-14 13:00:00;900;1,9;10,0;4,0;bankkártya
1644;2016-12-22 15:15:00;900;0,7;8,5;2,0;bankkártya
3175;2016-12-27 19:00:00;480;1,3;7,0;0,0;készpénz
4432;2016-12-14 12:00:00;420;0,6;5,75;4,0;bankkártya
678;2016-12-21 22:15:00;1740;13,9;36,0;8,1;bankkártya
3882;2016-12-03 08:45:00;60;0,5;4,25;0,0;bankkártya
4330;2016-12-11 10:30:00;120;0,4;4,5;0,0;készpénz
3586;2016-12-14 08:15:00;840;1,6;9,25;0,0;készpénz
7923;2016-12-21 16:30:00;1620;0,0;21,5;0,0;készpénz
7402;2016-12-05 14:00:00;300;1,2;6,25;2,0;bankkártya
2925;2016-12-19 23:15:00;540;2,0;8,5;0,0;készpénz
4833;2016-12-29 17:45:00;900;3,3;13,0;0,0;készpénz
2560;2016-12-01 21:45:00;780;1,6;9,0;0,0;készpénz
7523;2016-12-18 15:00:00;480;0,0;7,0;1,0;bankkártya