D19313570A82;192.168.10.101
884621A05BFB;192.168.10.118
CAC6EBAD7B89;192.168.10.119
B18D80783F3B;192.168.10.120
0ADAF68375DD;192.168.10.121
EE5BD5A78B94;192.168.10.122
555BCC999C70;192.168.10.123
CD258BA2C26E;192.168.10.124
A047B6C0075D;192.168.10.125
8B08F8821960;192.168.10.126
9AA41AB5625A;192.168.10.127
26C5A21C3090;192.168.10.128
DB4C5F6ACA5C;192.168.10.129
B7C248509607;192.168.10.130
EBFA648535C8;192.168.10.131
F42DAAD6601F;192.168.10.132
12DD18C03A28;192.168.10.133
C78015C35A99;192.168.10.134
1E0969A4353A;192.168.10.135
F80B9BEF10A2;192.168.10.136
75306C69BE83;192.168.10.137
A7CEF5F107E6;192.168.10.138
11ACF9437380;192.168.10.139
D704AA2C9E8A;192.168.10.140
00662F73ABC1;192.168.10.141
1374B0708D1B;192.168.10.142
B91EE332AA6F;192.168.10.143
DD37E857BD07;192.168.10.144
F75A34594044;192.168.10.145
C79114862D91;192.168.10.146
DEA279EBE4D1;192.168.10.147
E317202D9043;192.168.10.148
04DEA6FD1F99;192.168.10.149
3C46D1969A9F;192.168.10.150
015FCE3E66AD;192.168.10.151
4337EC38D066;192.168.10.152
E6E84B863AB7;192.168.10.153
9B5CFA446A5D;192.168.10.154
65BD642A91F5;192.168.10.155
E0C0328062C2;192.168.10.159
8D114CC4599D;192.168.10.160
8D99E1387931;192.168.10.161
CBF5BFF424C0;192.168.10.162
CB0441E779F6;192.168.10.163
E4F44A9713F5;192.168.10.164
4C93052031B0;192.168.10.165
67C91B53F4E9;192.168.10.166
C22473BEF0A8;192.168.10.167
4DD2B29DBD38;192.168.10.168
479F43043AD3;192.168.10.169
